0.001,-2.627720436
0.002,-1.718468288
0.003,-0.259179692
0.004,1.797042753
0.005,4.493948462
0.006,7.871579079
0.007,11.9657367
0.008,16.80748668
0.009,22.42270128
0.01,28.83164996
0.011,36.04864166
0.012,44.08172388
0.013,52.93244262
0.014,62.59566676
0.015,73.05947956
0.016,84.30513925
0.017,96.30710996
0.018,109.0331633
0.019,122.4445501
0.02,136.4962412
0.021,151.1372354
0.022,166.3109306
0.023,181.9555564
0.024,198.0046619
0.025,214.3876552
0.026,231.0303883
0.027,247.8557808
0.028,264.7844769
0.029,281.7355284
0.03,298.6270953
0.031,315.3771579
0.032,331.9042323
0.033,348.1280812
0.034,363.970413
0.035,379.3555609
0.036,394.211136
0.037,408.4686462
0.038,422.064075
0.039,434.9384147
0.04,447.0381468
0.041,458.3156669
0.042,468.7296484
0.043,478.2453418
0.044,486.8348071
0.045,494.4770777
0.046,501.1582532
0.047,506.8715229
0.048,511.6171185
0.049,515.4021983
0.05,518.2406649
0.051,520.1529189
0.052,521.1655519
0.053,521.3109833
0.054,520.627046
0.055,519.1565252
0.056,516.9466571
0.057,514.0485927
0.058,510.5168342
0.059,506.40865
0.06,501.7834745
0.061,496.7023016
0.062,491.2270765
0.063,485.4200942
0.064,479.34341
0.065,473.0582698
0.066,466.6245645
0.067,460.1003157
0.068,453.5411964
0.069,447.0000923
0.07,440.526707
0.071,434.1672148
0.072,427.9639642
0.073,421.9552332
0.074,416.1750389
0.075,410.6530011
0.076,405.4142607
0.077,400.479452
0.078,395.8647267
0.079,391.5818298
0.08,387.6382223
0.081,384.0372497
0.082,380.7783513
0.083,377.8573073
0.084,375.2665192
0.085,372.9953179
0.086,371.0302959
0.087,369.3556576
0.088,367.9535829
0.089,366.8045984
0.09,365.8879524
0.091,365.1819865
0.092,364.6645006
0.093,364.3131062
0.094,364.1055631
0.095,364.0200962
0.096,364.0356888
0.097,364.1323477
0.098,364.2913402
0.099,364.4953979
0.1,364.7288873
0.101,364.9779456
0.102,365.230581
0.103,365.4767372
0.104,365.7083229
0.105,365.9192067
0.106,366.1051798
0.107,366.2638863
0.108,366.3947256
0.109,366.4987287
0.11,366.5784098
0.111,366.6375994
0.112,366.6812591
0.113,366.7152844
0.114,366.746297
0.115,366.7814325
0.116,366.8281244
0.117,366.8938917
0.118,366.9861299
0.119,367.1119116
0.12,367.2777988
0.121,367.4896694
0.122,367.7525618
0.123,368.0705379
0.124,368.4465694
0.125,368.8824452
0.126,369.378705
0.127,369.9345966
0.128,370.5480594
0.129,371.2157325
0.13,371.9329883
0.131,372.6939898
0.132,373.4917707
0.133,374.3183362
0.134,375.164784
0.135,376.0214412
0.136,376.8780171
0.137,377.7237668
0.138,378.5476649
0.139,379.3385848
0.14,380.0854819
0.141,380.7775767
0.142,381.4045352
0.143,381.9566439
0.144,382.4249764
0.145,382.8015482
0.146,383.0794592
0.147,383.2530191
0.148,383.3178559
0.149,383.271005
0.15,383.1109763
0.151,382.8378011
0.152,382.4530551
0.153,381.9598591
0.154,381.3628562
0.155,380.668167
0.156,379.8833227
0.157,379.0171763
0.158,378.0797959
0.159,377.0823382
0.16,376.036907
0.161,374.9563971
0.162,373.8543267
0.163,372.7446598
0.164,371.6416226
0.165,370.5595155
0.166,369.5125236
0.167,368.5145281
0.168,367.5789228
0.169,366.7184361
0.17,365.9449625
0.171,365.2694055
0.172,364.7015343
0.173,364.2498554
0.174,363.9215022
0.175,363.722143
0.176,363.6559087
0.177,363.725342
0.178,363.9313667
0.179,364.2732806
0.18,364.7487678
0.181,365.3539345
0.182,366.0833638
0.183,366.9301909
0.184,367.8861973
0.185,368.9419216
0.186,370.0867855
0.187,371.3092343
0.188,372.5968886
0.189,373.9367045
0.19,375.3151426
0.191,376.7183406
0.192,378.1322883
0.193,379.543003
0.194,380.9367023
0.195,382.2999722
0.196,383.6199284
0.197,384.8843679
0.198,386.0819109
0.199,387.2021289
0.2,388.2356588
0.201,389.174302
0.202,390.011106
0.203,390.7404289
0.204,391.3579858
0.205,391.8608767
0.206,392.2475956
0.207,392.5180217
0.208,392.6733925
0.209,392.7162599
0.21,392.6504294
0.211,392.4808853
0.212,392.2137009
0.213,391.8559368
0.214,391.4155289
0.215,390.9011667
0.216,390.3221651
0.217,389.6883304
0.218,389.0098237
0.219,388.2970224
0.22,387.5603823
0.221,386.8103028
0.222,386.0569957
0.223,385.3103602
0.224,384.5798657
0.225,383.8744431
0.226,383.2023865
0.227,382.5712671
0.228,381.9878578
0.229,381.4580724
0.23,380.986917
0.231,380.5784562
0.232,380.2357925
0.233,379.9610601
0.234,379.7554315
0.235,379.6191379
0.236,379.5515012
0.237,379.5509781
0.238,379.6152142
0.239,379.7411085
0.24,379.9248846
0.241,380.1621704
0.242,380.4480825
0.243,380.7773146
0.244,381.1442297
0.245,381.5429521
0.246,381.9674611
0.247,382.4116811
0.248,382.8695711
0.249,383.3352089
0.25,383.8028705
0.251,384.2671037
0.252,384.7227942
0.253,385.1652249
0.254,385.5901257
0.255,385.9937157
0.256,386.3727352
0.257,386.7244696
0.258,387.0467631
0.259,387.3380243
0.26,387.5972216
0.261,387.8238721
0.262,388.0180208
0.263,388.1802137
0.264,388.3114642
0.265,388.4132139
0.266,388.4872879
0.267,388.5358474
0.268,388.5613385
0.269,388.5664392
0.27,388.5540058
0.271,388.5270189
0.272,388.48853
0.273,388.4416108
0.274,388.3893036
0.275,388.3345763
0.276,388.2802801
0.277,388.2291127
0.278,388.1835852
0.279,388.1459954
0.28,388.1184053
0.281,388.1026253
0.282,388.1002031
0.283,388.1124181
0.284,388.1402821
0.285,388.1845435
0.286,388.2456973
0.287,388.3239989
0.288,388.4194813
0.289,388.5319759
0.29,388.6611354
0.291,388.8064592
0.292,388.9673192
0.293,389.1429867
0.294,389.3326596
0.295,389.5354879
0.296,389.750599
0.297,389.9771205
0.298,390.2142014
0.299,390.4610296
0.3,390.7168476
0.301,390.9809636
0.302,391.2527606
0.303,391.5317002
0.304,391.817324
0.305,392.1092514
0.306,392.407173
0.307,392.7108419
0.308,393.0200617
0.309,393.3346717
0.31,393.6545305
0.311,393.9794976
0.312,394.3094142
0.313,394.6440831
0.314,394.9832489
0.315,395.3265784
0.316,395.6736426
0.317,396.0239
0.318,396.3766819
0.319,396.7311812
0.32,397.0864428
0.321,397.441359
0.322,397.7946675
0.323,398.1449539
0.324,398.4906581
0.325,398.8300846
0.326,399.1614173
0.327,399.4827382
0.328,399.7920498
0.329,400.0873008
0.33,400.3664153
0.331,400.6273245
0.332,400.8680007
0.333,401.0864928
0.334,401.2809625
0.335,401.4497219
0.336,401.5912694
0.337,401.7043254
0.338,401.7878664
0.339,401.841156
0.34,401.8637731
0.341,401.8556371
0.342,401.8170272
0.343,401.7485988
0.344,401.6513927
0.345,401.5268403
0.346,401.3767618
0.347,401.2033581
0.348,401.0091978
0.349,400.7971961
0.35,400.5705892
0.351,400.3329014
0.352,400.0879079
0.353,399.8395913
0.354,399.5920943
0.355,399.3496678
0.356,399.1166156
0.357,398.8972373
0.358,398.6957685
0.359,398.5163204
0.36,398.3628197
0.361,398.2389491
0.362,398.14809
0.363,398.0932674
0.364,398.0770991
0.365,398.1017493
0.366,398.1688874
0.367,398.2796528
0.368,398.4346273
0.369,398.6338135
0.37,398.8766224
0.371,399.1618681
0.372,399.4877715
0.373,399.8519725
0.374,400.2515505
0.375,400.6830533
0.376,401.1425347
0.377,401.6255988
0.378,402.1274522
0.379,402.6429629
0.38,403.1667244
0.381,403.693125
0.382,404.2164218
0.383,404.7308165
0.384,405.2305341
0.385,405.7099024
0.386,406.1634304
0.387,406.5858865
0.388,406.9723732
0.389,407.3183983
0.39,407.6199412
0.391,407.8735143
0.392,408.0762159
0.393,408.2257774
0.394,408.3206008
0.395,408.3597874
0.396,408.3431576
0.397,408.27126
0.398,408.1453706
0.399,407.9674821
0.4,407.7402822
0.401,407.4671229
0.402,407.1519789
0.403,406.7993981
0.404,406.4144427
0.405,406.0026228
0.406,405.5698235
0.407,405.1222252
0.408,404.6662202
0.409,404.2083249
0.41,403.7550899
0.411,403.3130091
0.412,402.8884287
0.413,402.4874577
0.414,402.1158817
0.415,401.77908
0.416,401.4819487
0.417,401.2288294
0.418,401.0234463
0.419,400.868851
0.42,400.7673771
0.421,400.7206043
0.422,400.7293333
0.423,400.793572
0.424,400.9125324
0.425,401.0846392
0.426,401.3075496
0.427,401.5781842
0.428,401.8927684
0.429,402.2468846
0.43,402.6355325
0.431,403.0531998
0.432,403.4939389
0.433,403.9514511
0.434,404.4191761
0.435,404.8903853
0.436,405.3582782
0.437,405.8160801
0.438,406.2571397
0.439,406.6750258
0.44,407.0636206
0.441,407.4172093
0.442,407.730564
0.443,407.9990214
0.444,408.2185521
0.445,408.3858216
0.446,408.4982411
0.447,408.5540085
0.448,408.5521374
0.449,408.4924752
0.45,408.3757093
0.451,408.2033611
0.452,407.977768
0.453,407.702054
0.454,407.380089
0.455,407.0164366
0.456,406.6162933
0.457,406.1854171
0.458,405.7300483
0.459,405.2568242
0.46,404.772686
0.461,404.2847833
0.462,403.8003738
0.463,403.3267219
0.464,402.8709967
0.465,402.4401717
0.466,402.0409263
0.467,401.6795517
0.468,401.3618619
0.469,401.0931116
0.47,400.8779216
0.471,400.7202128
0.472,400.6231507
0.473,400.5890996
0.474,400.6195885
0.475,400.7152888
0.476,400.8760039
0.477,401.1006704
0.478,401.3873727
0.479,401.7333683
0.48,402.1351255
0.481,402.5883717
0.482,403.0881523
0.483,403.6288989
0.484,404.2045065
0.485,404.8084172
0.486,405.4337111
0.487,406.0732017
0.488,406.7195349
0.489,407.3652901
0.49,408.0030823
0.491,408.6256633
0.492,409.2260205
0.493,409.7974728
0.494,410.333761
0.495,410.8291323
0.496,411.2784177
0.497,411.6771003
0.498,412.0213752
0.499,412.3081981
0.5,412.5353242
0.501,412.701335
0.502,412.8056537
0.503,412.8485485
0.504,412.8311246
0.505,412.755304
0.506,412.623794
0.507,412.440045
0.508,412.208198
0.509,411.9330231
0.51,411.6198485
0.511,411.2744832
0.512,410.9031328
0.513,410.5123104
0.514,410.1087436
0.515,409.6992793
0.516,409.2907874
0.517,408.8900646
0.518,408.5037406
0.519,408.1381866
0.52,407.7994283
0.521,407.4930653
0.522,407.2241959
0.523,406.9973507
0.524,406.8164343
0.525,406.6846766
0.526,406.6045942
0.527,406.5779623
0.528,406.6057976
0.529,406.6883517
0.53,406.8251168
0.531,407.0148407
0.532,407.2555542
0.533,407.5446066
0.534,407.8787131
0.535,408.2540086
0.536,408.6661115
0.537,409.1101927
0.538,409.5810522
0.539,410.0731988
0.54,410.5809342
0.541,411.0984396
0.542,411.6198625
0.543,412.1394033
0.544,412.6514012
0.545,413.150416
0.546,413.6313067
0.547,414.0893046
0.548,414.5200802
0.549,414.9198034
0.55,415.2851948
0.551,415.613569
0.552,415.9028686
0.553,416.1516881
0.554,416.3592881
0.555,416.5255995
0.556,416.651217
0.557,416.7373832
0.558,416.7859627
0.559,416.7994073
0.56,416.7807123
0.561,416.7333651
0.562,416.6612862
0.563,416.568765
0.564,416.4603896
0.565,416.3409728
0.566,416.2154749
0.567,416.0889255
0.568,415.9663438
0.569,415.8526598
0.57,415.7526376
0.571,415.6708012
0.572,415.6113648
0.573,415.578167
0.574,415.5746127
0.575,415.6036203
0.576,415.6675774
0.577,415.768304
0.578,415.9070251
0.579,416.0843516
0.58,416.3002715
0.581,416.5541491
0.582,416.844735
0.583,417.1701838
0.584,417.5280824
0.585,417.9154844
0.586,418.3289546
0.587,418.7646189
0.588,419.2182215
0.589,419.685187
0.59,420.1606874
0.591,420.6397124
0.592,421.117142
0.593,421.5878209
0.594,422.0466325
0.595,422.4885726
0.596,422.9088209
0.597,423.3028097
0.598,423.6662883
0.599,423.995383
0.6,424.2866509
0.601,424.5371275
0.602,424.7443674
0.603,424.9064763
0.604,425.0221362
0.605,425.0906214
0.606,425.1118057
0.607,425.0861619
0.608,425.0147517
0.609,424.8992076
0.61,424.7417074
0.611,424.5449397
0.612,424.3120642
0.613,424.0466637
0.614,423.7526918
0.615,423.4344156
0.616,423.0963536
0.617,422.7432117
0.618,422.3798166
0.619,422.011048
0.62,421.6417714
0.621,421.2767711
0.622,420.9206858
0.623,420.5779465
0.624,420.2527187
0.625,419.9488488
0.626,419.6698156
0.627,419.4186887
0.628,419.198092
0.629,419.0101754
0.63,418.8565936
0.631,418.7384917
0.632,418.6564995
0.633,418.6107329
0.634,418.6008027
0.635,418.6258319
0.636,418.6844781
0.637,418.7749643
0.638,418.8951149
0.639,419.0423968
0.64,419.2139663
0.641,419.4067186
0.642,419.6173415
0.643,419.8423711
0.644,420.0782487
0.645,420.3213782
0.646,420.5681835
0.647,420.8151641
0.648,421.0589492
0.649,421.2963482
0.65,421.5243977
0.651,421.7404047
0.652,421.9419834
0.653,422.1270884
0.654,422.2940395
0.655,422.4415426
0.656,422.5687017
0.657,422.6750259
0.658,422.7604284
0.659,422.8252194
0.66,422.8700921
0.661,422.8961027
0.662,422.9046438
0.663,422.8974134
0.664,422.8763774
0.665,422.8437297
0.666,422.8018469
0.667,422.7532411
0.668,422.7005103
0.669,422.6462874
0.67,422.5931887
0.671,422.543763
0.672,422.5004413
0.673,422.4654892
0.674,422.4409613
0.675,422.4286594
0.676,422.4300949
0.677,422.4464556
0.678,422.4785783
0.679,422.5269263
0.68,422.5915739
0.681,422.6721964
0.682,422.7680671
0.683,422.8780609
0.684,423.000664
0.685,423.1339908
0.686,423.2758059
0.687,423.4235533
0.688,423.5743898
0.689,423.7252243
0.69,423.8727612
0.691,424.0135474
0.692,424.1440225
0.693,424.2605715
0.694,424.3595792
0.695,424.4374848
0.696,424.4908371
0.697,424.5163485
0.698,424.5109475
0.699,424.4718289
0.7,424.3965007
0.701,424.2828269
0.702,424.1290664
0.703,423.9339067
0.704,423.6964913
0.705,423.4164421
0.706,423.0938747
0.707,422.7294077
0.708,422.3241649
0.709,421.8797704
0.71,421.3983375
0.711,420.8824507
0.712,420.335141
0.713,419.7598557
0.714,419.1604213
0.715,418.5410025
0.716,417.9060556
0.717,417.2602779
0.718,416.6085536
0.719,415.9558976
0.72,415.3073962
0.721,414.6681473
0.722,414.0432001
0.723,413.4374949
0.724,412.8558041
0.725,412.3026752
0.726,411.7823761
0.727,411.2988443
0.728,410.8556396
0.729,410.4559013
0.73,410.1023107
0.731,409.7970597
0.732,409.5418239
0.733,409.3377438
0.734,409.1854109
0.735,409.0848613
0.736,409.035576
0.737,409.0364872
0.738,409.085992
0.739,409.1819714
0.74,409.3218167
0.741,409.5024599
0.742,409.720411
0.743,409.971799
0.744,410.2524175
0.745,410.557774
0.746,410.8831421
0.747,411.223616
0.748,411.5741669
0.749,411.9297002
0.75,412.2851127
0.751,412.6353503
0.752,412.9754633
0.753,413.300661
0.754,413.6063638
0.755,413.8882516
0.756,414.1423094
0.757,414.3648688
0.758,414.5526451
0.759,414.7027694
0.76,414.8128154
0.761,414.8808219
0.762,414.9053085
0.763,414.8852864
0.764,414.8202639
0.765,414.7102451
0.766,414.5557248
0.767,414.3576762
0.768,414.1175355
0.769,413.8371796
0.77,413.5189014
0.771,413.1653794
0.772,412.7796443
0.773,412.3650426
0.774,411.9251967
0.775,411.4639638
0.776,410.9853921
0.777,410.4936761
0.778,409.9931116
0.779,409.4880502
0.78,408.9828537
0.781,408.4818502
0.782,407.9892907
0.783,407.5093079
0.784,407.0458765
0.785,406.6027768
0.786,406.18356
0.787,405.7915178
0.788,405.4296543
0.789,405.1006615
0.79,404.8068994
0.791,404.5503782
0.792,404.3327463
0.793,404.15528
0.794,404.018879
0.795,403.924064
0.796,403.8709791
0.797,403.8593971
0.798,403.8887282
0.799,403.9580319
0.8,404.0660323
0.801,404.2111349
0.802,404.3914471
0.803,404.6048002
0.804,404.8487733
0.805,405.1207192
0.806,405.417791
0.807,405.7369703
0.808,406.0750958
0.809,406.4288926
0.81,406.7950015
0.811,407.1700085
0.812,407.5504737
0.813,407.93296
0.814,408.3140608
0.815,408.6904269
0.816,409.0587924
0.817,409.4159989
0.818,409.759019
0.819,410.0849774
0.82,410.391171
0.821,410.6750868
0.822,410.9344185
0.823,411.1670804
0.824,411.3712202
0.825,411.5452289
0.826,411.6877497
0.827,411.7976842
0.828,411.8741966
0.829,411.9167161
0.83,411.924937
0.831,411.8988175
0.832,411.8385758
0.833,411.7446847
0.834,411.6178643
0.835,411.459073
0.836,411.2694968
0.837,411.0505368
0.838,410.8037956
0.839,410.5310617
0.84,410.2342931
0.841,409.9155997
0.842,409.5772239
0.843,409.221521
0.844,408.8509387
0.845,408.4679953
0.846,408.0752586
0.847,407.6753227
0.848,407.2707862
0.849,406.8642299
0.85,406.458194
0.851,406.0551563
0.852,405.6575111
0.853,405.2675484
0.854,404.8874336
0.855,404.5191895
0.856,404.1646784
0.857,403.8255865
0.858,403.5034087
0.859,403.1994372
0.86,402.9147495
0.861,402.6502007
0.862,402.4064165
0.863,402.1837893
0.864,401.9824757
0.865,401.8023976
0.866,401.6432449
0.867,401.5044804
0.868,401.3853481
0.869,401.284883
0.87,401.2019232
0.871,401.1351247
0.872,401.0829781
0.873,401.0438264
0.874,401.0158858
0.875,400.997267
0.876,400.985998
0.877,400.9800482
0.878,400.9773532
0.879,400.9758394
0.88,400.9734498
0.881,400.968169
0.882,400.9580479
0.883,400.9412276
0.884,400.9159626
0.885,400.8806422
0.886,400.8338106
0.887,400.774185
0.888,400.7006716
0.889,400.6123788
0.89,400.5086289
0.891,400.3889659
0.892,400.253161
0.893,400.1012151
0.894,399.9333583
0.895,399.7500462
0.896,399.5519529
0.897,399.3399619
0.898,399.1151528
0.899,398.8787869
0.9,398.6322882
0.901,398.3772239
0.902,398.115282
0.903,397.8482464
0.904,397.5779717
0.905,397.3063562
0.906,397.035314
0.907,396.7667463
0.908,396.502514
0.909,396.2444085
0.91,395.9941252
0.911,395.7532366
0.912,395.5231679
0.913,395.3051735
0.914,395.1003163
0.915,394.9094492
0.916,394.7331996
0.917,394.5719563
0.918,394.4258601
0.919,394.2947979
0.92,394.1783998
0.921,394.0760401
0.922,393.9868422
0.923,393.9096859
0.924,393.8432201
0.925,393.7858772
0.926,393.7358916
0.927,393.6913211
0.928,393.6500712
0.929,393.6099213
0.93,393.5685537
0.931,393.5235842
0.932,393.4725938
0.933,393.413162
0.934,393.3428997
0.935,393.259483
0.936,393.1606864
0.937,393.0444152
0.938,392.9087364
0.939,392.7519082
0.94,392.5724074
0.941,392.3689545
0.942,392.1405353
0.943,391.8864202
0.944,391.6061794
0.945,391.2996951
0.946,390.9671692
0.947,390.6091277
0.948,390.2264202
0.949,389.8202162
0.95,389.3919969
0.951,388.9435431
0.952,388.476919
0.953,387.9944528
0.954,387.4987136
0.955,386.9924854
0.956,386.4787375
0.957,385.9605938
0.958,385.4412989
0.959,384.9241826
0.96,384.4126243
0.961,383.9100152
0.962,383.4197211
0.963,382.9450455
0.964,382.4891928
0.965,382.0552329
0.966,381.6460678
0.967,381.2643992
0.968,380.9126997
0.969,380.5931859
0.97,380.3077946
0.971,380.0581632
0.972,379.8456126
0.973,379.6711347
0.974,379.5353831
0.975,379.4386691
0.976,379.3809598
0.977,379.3618822
0.978,379.3807298
0.979,379.4364739
0.98,379.5277779
0.981,379.6530156
0.982,379.8102921
0.983,379.9974683
0.984,380.2121866
0.985,380.4519005
0.986,380.7139044
0.987,380.9953655
0.988,381.2933567
0.989,381.6048892
0.99,381.9269466
0.991,382.2565167
0.992,382.5906245
0.993,382.9263623
0.994,383.2609197
0.995,383.5916107
0.996,383.9158988
0.997,384.2314201
0.998,384.5360033
0.999,384.8276865
1,385.1047314
1.001,385.3656345
1.002,385.6091341
1.003,385.8342152
1.004,386.0401104
1.005,386.2262979
1.006,386.3924967
1.007,386.5386583
1.008,386.6649564
1.009,386.7717738
1.01,386.8596874
1.011,386.9294504
1.012,386.9819742
1.013,387.018308
1.014,387.0396179
1.015,387.047165
1.016,387.0422836
1.017,387.026359
1.018,387.000806
1.019,386.9670477
1.02,386.9264953
1.021,386.880529
1.022,386.8304807
1.023,386.7776176
1.024,386.7231279
1.025,386.6681087
1.026,386.6135552
1.027,386.5603527
1.028,386.5092699
1.029,386.4609552
1.03,386.4159343
1.031,386.3746102
1.032,386.3372646
1.033,386.3040619
1.034,386.2750538
1.035,386.2501862
1.036,386.2293069
1.037,386.212174
1.038,386.1984661
1.039,386.1877921
1.04,386.179702
1.041,386.1736976
1.042,386.1692433
1.043,386.1657763
1.044,386.1627172
1.045,386.159479
1.046,386.1554758
1.047,386.1501309
1.048,386.1428834
1.049,386.133194
1.05,386.1205497
1.051,386.1044674
1.052,386.0844962
1.053,386.0602185
1.054,386.0312504
1.055,385.997241
1.056,385.9578702
1.057,385.912847
1.058,385.8619058
1.059,385.804803
1.06,385.7413129
1.061,385.6712238
1.062,385.5943334
1.063,385.5104452
1.064,385.4193644
1.065,385.3208946
1.066,385.2148348
1.067,385.1009778
1.068,384.9791084
1.069,384.8490033
1.07,384.7104315
1.071,384.5631555
1.072,384.4069342
1.073,384.2415264
1.074,384.0666947
1.075,383.8822114
1.076,383.6878643
1.077,383.4834636
1.078,383.2688493
1.079,383.0438992
1.08,382.8085364
1.081,382.5627384
1.082,382.3065442
1.083,382.0400628
1.084,381.76348
1.085,381.4770655
1.086,381.181178
1.087,380.8762703
1.088,380.5628928
1.089,380.2416952
1.09,379.9134277
1.091,379.5789394
1.092,379.2391759
1.093,378.8951749
1.094,378.54806
1.095,378.1990325
1.096,377.8493622
1.097,377.500376
1.098,377.153445
1.099,376.8099702
1.1,376.4713675
1.101,376.1390509
1.102,375.8144156
1.103,375.49882
1.104,375.1935677
1.105,374.8998894
1.106,374.6189249
1.107,374.3517062
1.108,374.0991406
1.109,373.8619958
1.11,373.6408857
1.111,373.4362582
1.112,373.2483852
1.113,373.0773542
1.114,372.9230625
1.115,372.7852139
1.116,372.6633183
1.117,372.5566934
1.118,372.4644697
1.119,372.3855983
1.12,372.318861
1.121,372.2628833
1.122,372.2161505
1.123,372.1770248
1.124,372.1437665
1.125,372.114555
1.126,372.0875134
1.127,372.060733
1.128,372.0322993
1.129,372.000319
1.13,371.9629467
1.131,371.9184115
1.132,371.8650435
1.133,371.8012985
1.134,371.7257825
1.135,371.637273
1.136,371.53474
1.137,371.4173627
1.138,371.2845448
1.139,371.1359262
1.14,370.9713913
1.141,370.7910745
1.142,370.5953614
1.143,370.3848867
1.144,370.1605283
1.145,369.9233977
1.146,369.6748268
1.147,369.4163515
1.148,369.1496914
1.149,368.8767269
1.15,368.5994735
1.151,368.3200537
1.152,368.0406668
1.153,367.7635569
1.154,367.49098
1.155,367.2251704
1.156,366.9683068
1.157,366.7224787
1.158,366.4896534
1.159,366.271645
1.16,366.0700842
1.161,365.8863914
1.162,365.7217515
1.163,365.5770928
1.164,365.4530687
1.165,365.3500435
1.166,365.2680822
1.167,365.2069449
1.168,365.1660849
1.169,365.1446525
1.17,365.1415024
1.171,365.1552058
1.172,365.1840674
1.173,365.2261464
1.174,365.2792807
1.175,365.3411164
1.176,365.409139
1.177,365.4807084
1.178,365.5530961
1.179,365.6235242
1.18,365.6892059
1.181,365.7473867
1.182,365.7953856
1.183,365.8306364
1.184,365.8507271
1.185,365.8534388
1.186,365.8367812
1.187,365.7990263
1.188,365.738738
1.189,365.6547985
1.19,365.5464301
1.191,365.4132125
1.192,365.2550953
1.193,365.072405
1.194,364.8658472
1.195,364.6365023
1.196,364.3858174
1.197,364.1155908
1.198,363.8279526
1.199,363.5253401
1.2,363.2104675
1.201,362.8862924
1.202,362.5559773
1.203,362.2228482
1.204,361.89035
1.205,361.5619999
1.206,361.2413384
1.207,360.9318799
1.208,360.6370627
1.209,360.3601996
1.21,360.1044291
1.211,359.8726686
1.212,359.6675705
1.213,359.4914806
1.214,359.3464005
1.215,359.233955
1.216,359.1553631
1.217,359.1114151
1.218,359.102455
1.219,359.128369
1.22,359.1885799
1.221,359.282048
1.222,359.4072785
1.223,359.5623344
1.224,359.7448567
1.225,359.9520897
1.226,360.1809121
1.227,360.4278739
1.228,360.689237
1.229,360.9610211
1.23,361.239053
1.231,361.5190182
1.232,361.796516
1.233,362.0671149
1.234,362.3264101
1.235,362.5700797
1.236,362.7939414
1.237,362.9940065
1.238,363.1665326
1.239,363.3080727
1.24,363.4155206
1.241,363.4861524
1.242,363.5176623
1.243,363.5081937
1.244,363.4563639
1.245,363.3612826
1.246,363.2225642
1.247,363.0403329
1.248,362.815221
1.249,362.548361
1.25,362.2413702
1.251,361.8963293
1.252,361.5157546
1.253,361.102564
1.254,360.6600382
1.255,360.191777
1.256,359.7016503
1.257,359.1937472
1.258,358.6723205
1.259,358.1417306
1.26,357.6063866
1.261,357.0706884
1.262,356.5389677
1.263,356.015431
1.264,355.5041041
1.265,355.0087797
1.266,354.5329676
1.267,354.07985
1.268,353.6522408
1.269,353.2525505
1.27,352.8827567
1.271,352.5443811
1.272,352.2384723
1.273,351.9655966
1.274,351.725834
1.275,351.5187825
1.276,351.3435682
1.277,351.1988628
1.278,351.0829071
1.279,350.9935406
1.28,350.9282366
1.281,350.8841425
1.282,350.8581249
1.283,350.8468178
1.284,350.8466747
1.285,350.8540229
1.286,350.8651191
1.287,350.8762058
1.288,350.8835685
1.289,350.8835911
1.29,350.8728103
1.291,350.8479673
1.292,350.8060562
1.293,350.7443695
1.294,350.6605379
1.295,350.5525657
1.296,350.4188611
1.297,350.2582595
1.298,350.0700412
1.299,349.8539426
1.3,349.6101607
1.301,349.3393504
1.302,349.0426157
1.303,348.7214941
1.304,348.3779349
1.305,348.0142714
1.306,347.6331874
1.307,347.2376788
1.308,346.8310111
1.309,346.416672
1.31,345.9983222
1.311,345.5797422
1.312,345.1647791
1.313,344.7572907
1.314,344.361091
1.315,343.9798952
1.316,343.6172672
1.317,343.2765684
1.318,342.96091
1.319,342.6731086
1.32,342.415646
1.321,342.1906344
1.322,341.999786
1.323,341.8443889
1.324,341.7252888
1.325,341.6428774
1.326,341.5970861
1.327,341.5873878
1.328,341.6128035
1.329,341.6719169
1.33,341.7628933
1.331,341.8835056
1.332,342.0311656
1.333,342.2029594
1.334,342.3956879
1.335,342.6059113
1.336,342.8299958
1.337,343.0641638
1.338,343.3045455
1.339,343.5472308
1.34,343.7883231
1.341,344.0239904
1.342,344.2505174
1.343,344.4643537
1.344,344.6621608
1.345,344.8408548
1.346,344.9976459
1.347,345.1300728
1.348,345.2360328
1.349,345.3138065
1.35,345.3620763
1.351,345.3799398
1.352,345.3669168
1.353,345.3229506
1.354,345.2484024
1.355,345.1440414
1.356,345.0110273
1.357,344.8508889
1.358,344.665497
1.359,344.4570326
1.36,344.227951
1.361,343.9809431
1.362,343.7188922
1.363,343.4448302
1.364,343.1618907
1.365,342.8732618
1.366,342.5821388
1.367,342.2916771
1.368,342.0049456
1.369,341.724883
1.37,341.4542557
1.371,341.1956189
1.372,340.9512812
1.373,340.7232735
1.374,340.5133217
1.375,340.3228248
1.376,340.1528381
1.377,340.0040608
1.378,339.8768304
1.379,339.7711213
1.38,339.6865493
1.381,339.6223817
1.382,339.577552
1.383,339.5506796
1.384,339.540094
1.385,339.5438632
1.386,339.5598256
1.387,339.585625
1.388,339.6187485
1.389,339.6565656
1.39,339.69637
1.391,339.7354205
1.392,339.7709838
1.393,339.8003753
1.394,339.8209998
1.395,339.8303899
1.396,339.8262428
1.397,339.8064534
1.398,339.7691453
1.399,339.712697
1.4,339.6357652
1.401,339.5373026
1.402,339.4165724
1.403,339.2731568
1.404,339.1069618
1.405,338.9182166
1.406,338.7074684
1.407,338.4755723
1.408,338.2236774
1.409,337.9532079
1.41,337.6658409
1.411,337.3634807
1.412,337.0482297
1.413,336.7223569
1.414,336.3882642
1.415,336.0484514
1.416,335.7054797
1.417,335.3619351
1.418,335.0203914
1.419,334.6833746
1.42,334.3533275
1.421,334.0325763
1.422,333.7232998
1.423,333.4275003
1.424,333.146978
1.425,332.8833086
1.426,332.6378241
1.427,332.4115982
1.428,332.2054346
1.429,332.0198605
1.43,331.8551233
1.431,331.7111919
1.432,331.587762
1.433,331.4842652
1.434,331.3998816
1.435,331.3335563
1.436,331.2840186
1.437,331.2498041
1.438,331.2292793
1.439,331.2206683
1.44,331.2220805
1.441,331.2315402
1.442,331.247016
1.443,331.266451
1.444,331.2877924
1.445,331.3090204
1.446,331.3281757
1.447,331.3433858
1.448,331.3528888
1.449,331.3550558
1.45,331.3484092
1.451,331.3316399
1.452,331.3036197
1.453,331.2634121
1.454,331.2102785
1.455,331.1436818
1.456,331.0632864
1.457,330.9689552
1.458,330.8607429
1.459,330.7388871
1.46,330.603796
1.461,330.4560339
1.462,330.2963047
1.463,330.125433
1.464,329.9443442
1.465,329.7540431
1.466,329.5555921
1.467,329.3500888
1.468,329.1386435
1.469,328.9223573
1.47,328.7023014
1.471,328.4794965
1.472,328.2548947
1.473,328.029363
1.474,327.8036679
1.475,327.5784639
1.476,327.354283
1.477,327.1315276
1.478,326.9104658
1.479,326.6912298
1.48,326.4738163
1.481,326.2580907
1.482,326.0437928
1.483,325.8305456
1.484,325.6178664
1.485,325.4051795
1.486,325.1918311
1.487,324.9771061
1.488,324.7602446
1.489,324.5404612
1.49,324.3169639
1.491,324.0889725
1.492,323.8557386
1.493,323.6165631
1.494,323.3708146
1.495,323.1179456
1.496,322.8575072
1.497,322.5891627
1.498,322.3126988
1.499,322.0280348
1.5,321.7352289
1.501,321.4344831
1.502,321.1261442
1.503,320.8107033
1.504,320.4887922
1.505,320.1611771
1.506,319.8287506
1.507,319.49252
1.508,319.1535949
1.509,318.8131724
1.51,318.47252
1.511,318.1329576
1.512,317.795839
1.513,317.4625313
1.514,317.134395
1.515,316.8127633
1.516,316.498922
1.517,316.19409
1.518,315.8994001
1.519,315.615882
1.52,315.3444464
1.521,315.0858702
1.522,314.8407851
1.523,314.6096672
1.524,314.3928298
1.525,314.1904184
1.526,314.0024086
1.527,313.8286063
1.528,313.668651
1.529,313.5220214
1.53,313.3880437
1.531,313.2659026
1.532,313.1546538
1.533,313.0532394
1.534,312.9605047
1.535,312.8752161
1.536,312.7960811
1.537,312.7217686
1.538,312.6509298
1.539,312.5822196
1.54,312.5143175
1.541,312.4459482
1.542,312.3759016
1.543,312.3030514
1.544,312.2263719
1.545,312.1449538
1.546,312.0580176
1.547,311.9649245
1.548,311.8651857
1.549,311.7584679
1.55,311.6445975
1.551,311.5235612
1.552,311.395504
1.553,311.2607245
1.554,311.1196681
1.555,310.9729166
1.556,310.8211766
1.557,310.6652649
1.558,310.5060925
1.559,310.3446465
1.56,310.1819716
1.561,310.0191489
1.562,309.857276
1.563,309.6974453
1.564,309.540723
1.565,309.3881283
1.566,309.2406135
1.567,309.099045
1.568,308.9641862
1.569,308.8366811
1.57,308.7170411
1.571,308.6056335
1.572,308.5026722
1.573,308.4082115
1.574,308.3221426
1.575,308.2441924
1.576,308.1739261
1.577,308.1107516
1.578,308.0539276
1.579,308.0025738
1.58,307.9556837
1.581,307.9121403
1.582,307.8707327
1.583,307.8301759
1.584,307.7891313
1.585,307.7462281
1.586,307.7000864
1.587,307.6493402
1.588,307.5926606
1.589,307.5287784
1.59,307.4565066
1.591,307.374761
1.592,307.2825806
1.593,307.1791447
1.594,307.0637892
1.595,306.9360198
1.596,306.7955231
1.597,306.6421743
1.598,306.4760427
1.599,306.2973932
1.6,306.1066856
1.601,305.9045703
1.602,305.6918806
1.603,305.4696227
1.604,305.2389624
1.605,305.0012088
1.606,304.7577966
1.607,304.5102648
1.608,304.260235
1.609,304.0093871
1.61,303.7594345
1.611,303.5120979
1.612,303.2690798
1.613,303.0320381
1.614,302.8025607
1.615,302.5821408
1.616,302.372154
1.617,302.1738363
1.618,301.9882649
1.619,301.816341
1.62,301.6587758
1.621,301.5160783
1.622,301.3885481
1.623,301.2762693
1.624,301.17911
1.625,301.0967233
1.626,301.0285535
1.627,300.9738442
1.628,300.9316508
1.629,300.9008554
1.63,300.8801848
1.631,300.8682314
1.632,300.8634757
1.633,300.8643115
1.634,300.8690721
1.635,300.8760575
1.636,300.883563
1.637,300.8899072
1.638,300.8934598
1.639,300.8926695
1.64,300.8860896
1.641,300.8724024
1.642,300.850442
1.643,300.8192134
1.644,300.7779102
1.645,300.7259282
1.646,300.6628756
1.647,300.5885799
1.648,300.503091
1.649,300.4066797
1.65,300.2998334
1.651,300.1832466
1.652,300.0578083
1.653,299.9245858
1.654,299.7848045
1.655,299.6398247
1.656,299.4911156
1.657,299.340227
1.658,299.1887586
1.659,299.0383275
1.66,298.8905354
1.661,298.7469348
1.662,298.6089949
1.663,298.4780687
1.664,298.3553609
1.665,298.2418974
1.666,298.1384974
1.667,298.0457483
1.668,297.9639831
1.669,297.8932625
1.67,297.8333608
1.671,297.7837558
1.672,297.743624
1.673,297.7118407
1.674,297.6869849
1.675,297.6673497
1.676,297.650958
1.677,297.6355829
1.678,297.618773
1.679,297.5978832
1.68,297.5701093
1.681,297.5325263
1.682,297.482131
1.683,297.4158871
1.684,297.3307733
1.685,297.2238324
1.686,297.0922226
1.687,296.9332686
1.688,296.7445125
1.689,296.523764
1.69,296.269149
1.691,295.979155
1.692,295.6526743
1.693,295.2890429
1.694,294.8880746
1.695,294.4500907
1.696,293.9759433
1.697,293.4670332
1.698,292.9253206
1.699,292.3533292
1.7,291.7541432
1.701,291.1313969
1.702,290.4892571
1.703,289.8323977
1.704,289.1659678
1.705,288.4955521
1.706,287.8271247
1.707,287.1669972
1.708,286.5217604
1.709,285.8982209
1.71,285.3033331
1.711,284.7441274
1.712,284.2276354
1.713,283.7608129
1.714,283.3504607
1.715,283.0031465
1.716,282.7251255
1.717,282.5222637
1.718,282.3999628
1.719,282.3630885
1.72,282.4159031
1.721,282.5620024
1.722,282.8042596
1.723,283.1447741
1.724,283.5848291
1.725,284.1248555
1.726,284.7644053
1.727,285.5021332
1.728,286.3357867
1.729,287.262207
1.73,288.2773374
1.731,289.3762426
1.732,290.5531366
1.733,291.8014198
1.734,293.1137251
1.735,294.481972
1.736,295.897429
1.737,297.3507829
1.738,298.8322152
1.739,300.3314836
1.74,301.8380089
1.741,303.3409666
1.742,304.82938
1.743,306.2922175
1.744,307.7184893
1.745,309.0973455
1.746,310.4181727
1.747,311.6706888
1.748,312.8450352
1.749,313.9318643
1.75,314.9224237
1.751,315.808633
1.752,316.5831556
1.753,317.2394626
1.754,317.7718886
1.755,318.1756801
1.756,318.4470336
1.757,318.5831259
1.758,318.5821333
1.759,318.4432427
1.76,318.1666515
1.761,317.7535583
1.762,317.2061444
1.763,316.527545
1.764,315.7218125
1.765,314.7938697
1.766,313.7494566
1.767,312.5950685
1.768,311.3378879
1.769,309.9857103
1.77,308.5468644
1.771,307.0301289
1.772,305.4446444
1.773,303.7998241
1.774,302.1052623
1.775,300.3706423
1.776,298.6056446
1.777,296.8198565
1.778,295.0226835
1.779,293.2232645
1.78,291.4303901
1.781,289.6524257
1.782,287.8972407
1.783,286.1721429
1.784,284.4838201
1.785,282.8382885
1.786,281.2408496
1.787,279.6960537
1.788,278.2076731
1.789,276.7786828
1.79,275.4112497
1.791,274.1067312
1.792,272.8656812
1.793,271.6878647
1.794,270.5722807
1.795,269.5171924
1.796,268.5201644
1.797,267.5781073
1.798,266.6873279
1.799,265.8435851
1.8,265.0421508
1.801,264.2778749
1.802,263.5452542
1.803,262.8385029
1.804,262.1516266
1.805,261.478496
1.806,260.8129217
1.807,260.1487284
1.808,259.4798278
1.809,258.8002895
1.81,258.1044093
1.811,257.386774
1.812,256.6423219
1.813,255.8663996
1.814,255.054812
1.815,254.2038681
1.816,253.3104201
1.817,252.3718956
1.818,251.3863241
1.819,250.3523552
1.82,249.2692708
1.821,248.1369896
1.822,246.9560645
1.823,245.7276728
1.824,244.4535993
1.825,243.1362136
1.826,241.7784394
1.827,240.3837192
1.828,238.9559723
1.829,237.4995481
1.83,236.0191749
1.831,234.5199039
1.832,233.0070501
1.833,231.4861309
1.834,229.9628015
1.835,228.4427896
1.836,226.9318292
1.837,225.4355938
1.838,223.9596315
1.839,222.5093001
1.84,221.0897054
1.841,219.7056416
1.842,218.3615356
1.843,217.0613953
1.844,215.8087622
1.845,214.6066695
1.846,213.457606
1.847,212.3634858
1.848,211.3256245
1.849,210.3447223
1.85,209.4208541
1.851,208.5534666
1.852,207.7413828
1.853,206.9828134
1.854,206.275376
1.855,205.6161204
1.856,205.0015617
1.857,204.4277189
1.858,203.8901605
1.859,203.3840547
1.86,202.9042258
1.861,202.4452147
1.862,202.0013429
1.863,201.5667803
1.864,201.1356153
1.865,200.7019266
1.866,200.259856
1.867,199.803681
1.868,199.327887
1.869,198.8272376
1.87,198.296843
1.871,197.7322243
1.872,197.1293744
1.873,196.4848141
1.874,195.7956417
1.875,195.0595779
1.876,194.2750022
1.877,193.4409831
1.878,192.5572996
1.879,191.6244549
1.88,190.6436811
1.881,189.6169353
1.882,188.5468864
1.883,187.4368933
1.884,186.2909739
1.885,185.1137653
1.886,183.9104759
1.887,182.6868287
1.888,181.4489981
1.889,180.2035384
1.89,178.9573072
1.891,177.7173823
1.892,176.4909745
1.893,175.2853364
1.894,174.1076684
1.895,172.9650225
1.896,171.8642064
1.897,170.8116873
1.898,169.8134971
1.899,168.8751408
1.9,168.0015085
1.901,167.1967921
1.902,166.4644083
1.903,165.8069285
1.904,165.2260168
1.905,164.7223763
1.906,164.2957063
1.907,163.9446684
1.908,163.666865
1.909,163.4588283
1.91,163.316022
1.911,163.2328546
1.912,163.2027053
1.913,163.2179619
1.914,163.2700709
1.915,163.3495994
1.916,163.4463085
1.917,163.5492369
1.918,163.6467952
1.919,163.7268689
1.92,163.7769297
1.921,163.7841543
1.922,163.7355485
1.923,163.6180766
1.924,163.418794
1.925,163.1249814
1.926,162.7242802
1.927,162.2048261
1.928,161.5553809
1.929,160.7654602
1.93,159.8254553
1.931,158.7267492
1.932,157.4618233
1.933,156.0243553
1.934,154.4093065
1.935,152.6129969
1.936,150.6331677
1.937,148.4690303
1.938,146.1213011
1.939,143.5922209
1.94,140.8855598
1.941,138.0066056
1.942,134.9621381
1.943,131.7603864
1.944,128.4109724
1.945,124.9248387
1.946,121.3141632
1.947,117.5922599
1.948,113.7734681
1.949,109.8730297
1.95,105.9069573
1.951,101.8918933
1.952,97.84496207
1.953,93.78361683
1.954,89.72548206
1.955,85.68819422
1.956,81.68924172
1.957,77.74580615
1.958,73.87460643
1.959,70.09174759
1.96,66.41257583
1.961,62.85154143
1.962,59.42207098
1.963,56.1364504
1.964,53.00571987
1.965,50.03958201
1.966,47.24632408
1.967,44.63275521
1.968,42.20415918
1.969,39.96426331
1.97,37.91522363
1.971,36.05762667
1.972,34.39050741
1.973,32.91138349
1.974,31.61630492
1.975,30.49991884
1.976,29.55554836
1.977,28.77528463
1.978,28.15009089
1.979,27.66991729
1.98,27.32382515
1.981,27.10011898
1.982,26.9864849
1.983,26.9701337
1.984,27.03794679
1.985,27.17662349
1.986,27.37282784
1.987,27.61333315
1.988,27.88516284
1.989,28.17572579
1.99,28.47294468
1.991,28.76537605
1.992,29.04232057
1.993,29.29392245
1.994,29.51125693
1.995,29.68640494
1.996,29.81251427
1.997,29.8838466
1.998,29.89581012
1.999,29.84497756
2,29.72908955
2.001,29.54704358
2.002,29.29886884
2.003,28.98568759
2.004,28.60966366
2.005,28.17393898
2.006,27.68255911
2.007,27.14038897
2.008,26.5530199
2.009,25.92666948
2.01,25.26807545
2.011,24.58438525
2.012,23.88304269
2.013,23.17167319
2.014,22.45796924
2.015,21.74957749
2.016,21.05398901
2.017,20.37843398
2.018,19.72978233
2.019,19.11445141
2.02,18.53832184
2.021,18.00666254
2.022,17.52406589
2.023,17.09439352
2.024,16.72073348
2.025,16.40536912
2.026,16.1497599
2.027,15.95453418
2.028,15.81949397
2.029,15.74363129
2.03,15.72515579
2.031,15.76153303
2.032,15.84953276
2.033,15.9852863
2.034,16.16435213
2.035,16.38178865
2.036,16.63223292
2.037,16.90998422
2.038,17.2090912
2.039,17.5234412
2.04,17.84685068
2.041,18.17315519
2.042,18.49629779
2.043,18.81041462
2.044,19.10991636
2.045,19.38956463
2.046,19.64454219
2.047,19.87051597
2.048,20.06369226
2.049,20.22086328
2.05,20.33944454
2.051,20.41750266
2.052,20.45377331
2.053,20.44766911
2.054,20.39927759
2.055,20.30934928
2.056,20.17927627
2.057,20.01106163
2.058,19.80728027
2.059,19.57103196
2.06,19.30588717
2.061,19.01582674
2.062,18.70517617
2.063,18.37853577
2.064,18.04070757
2.065,17.69662007
2.066,17.35125219
2.067,17.00955725
2.068,16.67638833
2.069,16.35642592
2.07,16.05410908
2.071,15.77357087
2.072,15.51857914
2.073,15.29248342
2.074,15.0981686
2.075,14.93801608
2.076,14.81387284
2.077,14.72702879
2.078,14.67820274
2.079,14.66753701
2.08,14.69460069
2.081,14.75840149
2.082,14.85740583
2.083,14.98956682
2.084,15.15235971
2.085,15.34282403
2.086,15.55761197
2.087,15.793042
2.088,16.04515706
2.089,16.30978627
2.09,16.58260927
2.091,16.85922227
2.092,17.13520469
2.093,17.40618548
2.094,17.66790806
2.095,17.91629303
2.096,18.14749763
2.097,18.35797116
2.098,18.54450551
2.099,18.70428013
2.1,18.83490085
2.101,18.93443193
2.102,19.00142099
2.103,19.03491649
2.104,19.03447753
2.105,19.000176
2.106,18.93259095
2.107,18.83279544
2.108,18.70233612
2.109,18.54320584
2.11,18.35780987
2.111,18.14892618
2.112,17.91966046
2.113,17.67339663
2.114,17.41374358
2.115,17.144479
2.116,16.86949108
2.117,16.59271914
2.118,16.31809385
2.119,16.04947823
2.12,15.79061
2.121,15.54504636
2.122,15.31611197
2.123,15.10685073
2.124,14.91998224
2.125,14.75786352
2.126,14.62245637
2.127,14.51530103
2.128,14.43749632
2.129,14.38968661
2.13,14.37205563
2.131,14.38432736
2.132,14.42577372
2.133,14.49522901
2.134,14.59111076
2.135,14.71144675
2.136,14.85390753
2.137,15.01584413
2.138,15.19433016
2.139,15.38620779
2.14,15.58813676
2.141,15.79664571
2.142,16.00818508
2.143,16.21918066
2.144,16.42608709
2.145,16.62544042
2.146,16.81390901
2.147,16.98834195
2.148,17.14581438
2.149,17.28366891
2.15,17.39955275
2.151,17.4914498
2.152,17.55770746
2.153,17.59705765
2.154,17.60863185
2.155,17.59197
2.156,17.54702311
2.157,17.47414967
2.158,17.37410589
2.159,17.24803007
2.16,17.0974213
2.161,16.92411295
2.162,16.73024136
2.163,16.51821016
2.164,16.29065103
2.165,16.05038131
2.166,15.80035924
2.167,15.54363756
2.168,15.28331612
2.169,15.02249427
2.17,14.76422384
2.171,14.51146323
2.172,14.26703361
2.173,14.03357749
2.174,13.81352073
2.175,13.60903813
2.176,13.42202335
2.177,13.25406355
2.178,13.10641903
2.179,12.98000815
2.18,12.87539782
2.181,12.79279955
2.182,12.73207107
2.183,12.69272356
2.184,12.6739342
2.185,12.67456385
2.186,12.6931796
2.187,12.72808165
2.188,12.77733426
2.189,12.83880003
2.19,12.91017715
2.191,12.9890389
2.192,13.07287474
2.193,13.15913244
2.194,13.24526047
2.195,13.32875005
2.196,13.40717615
2.197,13.47823688
2.198,13.53979053
2.199,13.58988986
2.2,13.62681291
2.201,13.64909012
2.202,13.65552711
2.203,13.64522294
2.204,13.61758355
2.205,13.57233016
2.206,13.50950258
2.207,13.42945742
2.208,13.33286113
2.209,13.2206782
2.21,13.09415455
2.211,12.95479654
2.212,12.80434585
2.213,12.64475075
2.214,12.47813405
2.215,12.30675854
2.216,12.13299013
2.217,11.95925964
2.218,11.78802348
2.219,11.62172421
2.22,11.46275128
2.221,11.3134028
2.222,11.17584877
2.223,11.05209651
2.224,10.94395866
2.225,10.85302429
2.226,10.78063369
2.227,10.727857
2.228,10.69547716
2.229,10.68397743
2.23,10.69353348
2.231,10.72401048
2.232,10.77496481
2.233,10.84565074
2.234,10.93503168
2.235,11.04179593
2.236,11.16437666
2.237,11.30097571
2.238,11.44959101
2.239,11.60804697
2.24,11.77402743
2.241,11.9451108
2.242,12.11880653
2.243,12.29259266
2.244,12.46395362
2.245,12.63041784
2.246,12.78959458
2.247,12.93920923
2.248,13.07713685
2.249,13.20143321
2.25,13.31036286
2.251,13.402424
2.252,13.47636959
2.253,13.5312244
2.254,13.56629798
2.255,13.58119303
2.256,13.57580938
2.257,13.55034329
2.258,13.50528234
2.259,13.44139574
2.26,13.35972057
2.261,13.26154381
2.262,13.14838083
2.263,13.0219504
2.264,12.88414681
2.265,12.73700944
2.266,12.58269037
2.267,12.42342042
2.268,12.26147433
2.269,12.09913539
2.27,11.93866034
2.271,11.78224486
2.272,11.6319903
2.273,11.48987221
2.274,11.35771095
2.275,11.23714508
2.276,11.12960773
2.277,11.0363064
2.278,10.95820647
2.279,10.89601862
2.28,10.85019038
2.281,10.82090191
2.282,10.80806598
2.283,10.81133224
2.284,10.83009559
2.285,10.86350852
2.286,10.91049723
2.287,10.96978125
2.288,11.0398961
2.289,11.11921888
2.29,11.20599606
2.291,11.29837325
2.292,11.39442636
2.293,11.49219362
2.294,11.58970807
2.295,11.68502985
2.296,11.77627787
2.297,11.86166037
2.298,11.93950381
2.299,12.0082797
2.3,12.06662895
2.301,12.1133833
2.302,12.14758365
2.303,12.16849477
2.304,12.17561648
2.305,12.16869081
2.306,12.14770535
2.307,12.11289249
2.308,12.06472479
2.309,12.00390642
2.31,11.93136093
2.311,11.84821545
2.312,11.75578172
2.313,11.65553416
2.314,11.54908533
2.315,11.43815937
2.316,11.32456354
2.317,11.21015859
2.318,11.09682835
2.319,10.98644899
2.32,10.88085845
2.321,10.78182658
2.322,10.69102649
2.323,10.61000737
2.324,10.54016951
2.325,10.48274161
2.326,10.43876103
2.327,10.40905695
2.328,10.3942371
2.329,10.39467785
2.33,10.41051817
2.331,10.44165724
2.332,10.48775605
2.333,10.54824262
2.334,10.62232106
2.335,10.70898407
2.336,10.80702882
2.337,10.91507596
2.338,11.03159128
2.339,11.15490988
2.34,11.28326235
2.341,11.41480253
2.342,11.54763645
2.343,11.679852
2.344,11.80954874
2.345,11.93486761
2.346,12.05401975
2.347,12.1653143
2.348,12.26718452
2.349,12.35821189
2.35,12.43714782
2.351,12.50293267
2.352,12.55471166
2.353,12.59184758
2.354,12.61393
2.355,12.62078088
2.356,12.61245648
2.357,12.5892456
2.358,12.55166413
2.359,12.50044601
2.36,12.43653081
2.361,12.36104807
2.362,12.27529869
2.363,12.18073362
2.364,12.07893031
2.365,11.97156718
2.366,11.8603966
2.367,11.74721669
2.368,11.63384261
2.369,11.52207757
2.37,11.41368414
2.371,11.31035629
2.372,11.21369264
2.373,11.1251712
2.374,11.04612622
2.375,10.97772732
2.376,10.92096133
2.377,10.87661704
2.378,10.84527323
2.379,10.82728996
2.38,10.82280351
2.381,10.83172476
2.382,10.85374126
2.383,10.88832281
2.384,10.93473049
2.385,10.99202906
2.386,11.05910239
2.387,11.13467174
2.388,11.21731665
2.389,11.30549801
2.39,11.39758292
2.391,11.4918711
2.392,11.58662222
2.393,11.68008384
2.394,11.77051955
2.395,11.85623665
2.396,11.93561326
2.397,12.00712408
2.398,12.06936464
2.399,12.12107362
2.4,12.16115273
2.401,12.18868401
2.402,12.20294429
2.403,12.20341635
2.404,12.18979696
2.405,12.16200138
2.406,12.12016435
2.407,12.0646377
2.408,11.99598437
2.409,11.91496915
2.41,11.82254623
2.411,11.71984365
2.412,11.60814516
2.413,11.48886951
2.414,11.36354766
2.415,11.2337983
2.416,11.10130189
2.417,10.96777391
2.418,10.8349375
2.419,10.70449607
2.42,10.57810627
2.421,10.45735177
2.422,10.34371826
2.423,10.23857004
2.424,10.14312863
2.425,10.05845369
2.426,9.985426594
2.427,9.924736857
2.428,9.876871707
2.429,9.842108902
2.43,9.820512933
2.431,9.811934671
2.432,9.816014443
2.433,9.832188511
2.434,9.859698818
2.435,9.897605866
2.436,9.944804506
2.437,10.00004239
2.438,10.06194078
2.439,10.12901739
2.44,10.19971089
2.441,10.27240665
2.442,10.3454634
2.443,10.41724023
2.444,10.48612366
2.445,10.55055423
2.446,10.60905221
2.447,10.66024205
2.448,10.70287519
2.449,10.73585071
2.45,10.75823378
2.451,10.76927129
2.452,10.76840462
2.453,10.7552793
2.454,10.72975136
2.455,10.69189026
2.456,10.64197846
2.457,10.58050745
2.458,10.50817049
2.459,10.42585201
2.46,10.33461397
2.461,10.2356793
2.462,10.1304127
2.463,10.02029914
2.464,9.906920345
2.465,9.791929696
2.466,9.677025867
2.467,9.563925697
2.468,9.454336668
2.469,9.349929448
2.47,9.252310934
2.471,9.16299822
2.472,9.083393904
2.473,9.014763128
2.474,8.958212722
2.475,8.914672778
2.476,8.884880954
2.477,8.869369762
2.478,8.868457044
2.479,8.882239797
2.48,8.910591443
2.481,8.953162602
2.482,9.00938536
2.483,9.078480966
2.484,9.159470858
2.485,9.251190839
2.486,9.352308188
2.487,9.461341451
2.488,9.576682605
2.489,9.696621248
2.49,9.819370444
2.491,9.943093824
2.492,10.06593352
2.493,10.18603852
2.494,10.30159291
