0,0
0.001,8.099402564
0.002,17.69752523
0.003,28.33901769
0.004,40.00281843
0.005,52.65843225
0.006,66.26607783
0.007,80.77693881
0.008,96.13351632
0.009,112.2700797
0.01,129.1132113
0.011,146.5824388
0.012,164.5909502
0.013,183.0463816
0.014,201.8516709
0.015,220.9059666
0.016,240.1055834
0.017,259.3449912
0.018,278.5178292
0.019,297.5179313
0.02,316.2403522
0.021,334.5823828
0.022,352.4445423
0.023,369.7315362
0.024,386.3531699
0.025,402.2252064
0.026,417.2701582
0.027,431.4180069
0.028,444.6068383
0.029,456.7833903
0.03,467.9035045
0.031,477.9324778
0.032,486.8453103
0.033,494.626848
0.034,501.2718166
0.035,506.7847503
0.036,511.1798135
0.037,514.4805205
0.038,516.7193562
0.039,517.9373034
0.04,518.1832819
0.041,517.5135077
0.042,515.9907806
0.043,513.6837078
0.044,510.6658746
0.045,507.0149715
0.046,502.811889
0.047,498.1397908
0.048,493.0831766
0.049,487.7269453
0.05,482.1554706
0.051,476.4516989
0.052,470.6962807
0.053,464.9667439
0.054,459.3367207
0.055,453.8752346
0.056,448.646056
0.057,443.7071326
0.058,439.1101016
0.059,434.8998867
0.06,431.1143848
0.061,427.7842433
0.062,424.9327313
0.063,422.5757022
0.064,420.7216488
0.065,419.3718467
0.066,418.5205844
0.067,418.1554736
0.068,418.2578366
0.069,418.8031625
0.07,419.761626
0.071,421.098661
0.072,422.7755807
0.073,424.7502347
0.074,426.9776944
0.075,429.4109575
0.076,432.0016616
0.077,434.7007972
0.078,437.4594116
0.079,440.2292941
0.08,442.9636336
0.081,445.6176411
0.082,448.1491285
0.083,450.5190383
0.084,452.6919169
0.085,454.6363264
0.086,456.3251911
0.087,457.7360756
0.088,458.8513901
0.089,459.6585243
0.09,460.1499079
0.091,460.3229981
0.092,460.1801964
0.093,459.7286973
0.094,458.9802721
0.095,457.9509911
0.096,456.6608912
0.097,455.1335933
0.098,453.3958749
0.099,451.4772079
0.1,449.4092643
0.101,447.2254018
0.102,444.9601332
0.103,442.6485904
0.104,440.3259881
0.105,438.0270967
0.106,435.7857312
0.107,433.6342619
0.108,431.6031559
0.109,429.7205532
0.11,428.0118834
0.111,426.4995293
0.112,425.2025386
0.113,424.1363906
0.114,423.3128164
0.115,422.7396782
0.116,422.4209054
0.117,422.3564896
0.118,422.5425361
0.119,422.9713718
0.12,423.6317062
0.121,424.5088419
0.122,425.5849322
0.123,426.8392805
0.124,428.2486766
0.125,429.7877649
0.126,431.4294384
0.127,433.1452524
0.128,434.9058526
0.129,436.6814096
0.13,438.4420552
0.131,440.158313
0.132,441.8015175
0.133,443.3442166
0.134,444.7605506
0.135,446.0266036
0.136,447.1207227
0.137,448.0238002
0.138,448.7195156
0.139,449.1945348
0.14,449.4386639
0.141,449.4449563
0.142,449.2097716
0.143,448.7327871
0.144,448.0169619
0.145,447.0684545
0.146,445.8964965
0.147,444.5132245
0.148,442.9334724
0.149,441.1745292
0.15,439.2558654
0.151,437.1988322
0.152,435.0263385
0.153,432.7625111
0.154,430.432342
0.155,428.0613298
0.156,425.6751183
0.157,423.2991401
0.158,420.9582674
0.159,418.6764776
0.16,416.4765358
0.161,414.3797005
0.162,412.4054555
0.163,410.571271
0.164,408.8923978
0.165,407.3816964
0.166,406.0495031
0.167,404.9035341
0.168,403.9488291
0.169,403.1877338
0.17,402.6199211
0.171,402.2424503
0.172,402.0498624
0.173,402.0343097
0.174,402.1857177
0.175,402.4919749
0.176,402.9391491
0.177,403.5117253
0.178,404.192862
0.179,404.9646613
0.18,405.8084493
0.181,406.7050614
0.182,407.6351296
0.183,408.5793668
0.184,409.5188435
0.185,410.4352545
0.186,411.3111694
0.187,412.1302669
0.188,412.8775461
0.189,413.5395148
0.19,414.1043514
0.191,414.5620384
0.192,414.9044662
0.193,415.1255066
0.194,415.2210553
0.195,415.1890426
0.196,415.0294141
0.197,414.7440814
0.198,414.3368445
0.199,413.8132873
0.2,413.1806483
0.201,412.4476702
0.202,411.6244287
0.203,410.7221461
0.204,409.7529908
0.205,408.7298675
0.206,407.6662005
0.207,406.5757142
0.208,405.472214
0.209,404.3693708
0.21,403.2805126
0.211,402.2184262
0.212,401.1951718
0.213,400.2219134
0.214,399.3087667
0.215,398.4646673
0.216,397.6972601
0.217,397.012812
0.218,396.4161479
0.219,395.9106113
0.22,395.4980493
0.221,395.1788214
0.222,394.9518325
0.223,394.8145877
0.224,394.7632691
0.225,394.7928313
0.226,394.8971153
0.227,395.0689775
0.228,395.3004318
0.229,395.5828019
0.23,395.9068827
0.231,396.2631051
0.232,396.641704
0.233,397.0328864
0.234,397.4269947
0.235,397.8146658
0.236,398.1869807
0.237,398.5356042
0.238,398.8529112
0.239,399.1320987
0.24,399.3672817
0.241,399.5535714
0.242,399.6871343
0.243,399.765233
0.244,399.786247
0.245,399.7496736
0.246,399.6561096
0.247,399.5072146
0.248,399.3056563
0.249,399.0550389
0.25,398.7598166
0.251,398.425194
0.252,398.0570141
0.253,397.6616372
0.254,397.2458131
0.255,396.8165469
0.256,396.3809636
0.257,395.9461712
0.258,395.5191268
0.259,395.1065063
0.26,394.7145812
0.261,394.3491035
0.262,394.0152019
0.263,393.717289
0.264,393.4589836
0.265,393.2430468
0.266,393.0713349
0.267,392.9447683
0.268,392.8633177
0.269,392.8260079
0.27,392.8309381
0.271,392.8753191
0.272,392.955526
0.273,393.0671667
0.274,393.2051632
0.275,393.3638453
0.276,393.5370554
0.277,393.7182616
0.278,393.9006775
0.279,394.0773872
0.28,394.2414729
0.281,394.3861422
0.282,394.5048544
0.283,394.5914429
0.284,394.640231
0.285,394.6461407
0.286,394.6047908
0.287,394.5125842
0.288,394.366782
0.289,394.1655639
0.29,393.9080722
0.291,393.5944415
0.292,393.2258102
0.293,392.8043168
0.294,392.3330779
0.295,391.8161511
0.296,391.2584813
0.297,390.6658322
0.298,390.0447036
0.299,389.4022362
0.3,388.746105
0.301,388.0844037
0.302,387.4255206
0.303,386.7780095
0.304,386.1504565
0.305,385.5513452
0.306,384.9889231
0.307,384.4710694
0.308,384.0051694
0.309,383.5979938
0.31,383.255588
0.311,382.9831714
0.312,382.785049
0.313,382.664536
0.314,382.6238978
0.315,382.6643049
0.316,382.7858053
0.317,382.9873124
0.318,383.2666114
0.319,383.6203817
0.32,384.0442365
0.321,384.5327788
0.322,385.0796719
0.323,385.6777255
0.324,386.3189931
0.325,386.9948825
0.326,387.6962751
0.327,388.4136537
0.328,389.1372362
0.329,389.8571136
0.33,390.5633896
0.331,391.2463207
0.332,391.8964533
0.333,392.5047572
0.334,393.0627526
0.335,393.5626285
0.336,393.9973516
0.337,394.360764
0.338,394.6476664
0.339,394.853889
0.34,394.9763458
0.341,395.0130731
0.342,394.963252
0.343,394.8272133
0.344,394.6064262
0.345,394.3034698
0.346,393.9219893
0.347,393.4666355
0.348,392.9429913
0.349,392.357484
0.35,391.7172861
0.351,391.0302055
0.352,390.3045676
0.353,389.54909
0.354,388.7727525
0.355,387.9846649
0.356,387.1939324
0.357,386.4095241
0.358,385.6401428
0.359,384.8941013
0.36,384.1792046
0.361,383.5026415
0.362,382.8708863
0.363,382.2896114
0.364,381.7636145
0.365,381.2967576
0.366,380.8919226
0.367,380.5509813
0.368,380.2747813
0.369,380.0631474
0.37,379.9148994
0.371,379.8278843
0.372,379.7990235
0.373,379.8243737
0.374,379.8992009
0.375,380.0180653
0.376,380.1749166
0.377,380.3631981
0.378,380.5759572
0.379,380.8059613
0.38,381.0458165
0.381,381.2880886
0.382,381.5254227
0.383,381.7506603
0.384,381.9569533
0.385,382.1378708
0.386,382.287499
0.387,382.4005321
0.388,382.4723518
0.389,382.4990963
0.39,382.4777162
0.391,382.4060167
0.392,382.2826859
0.393,382.1073089
0.394,381.8803676
0.395,381.6032253
0.396,381.2780979
0.397,380.9080113
0.398,380.4967465
0.399,380.0487718
0.4,379.5691654
0.401,379.0635282
0.402,378.5378884
0.403,377.9986001
0.404,377.4522366
0.405,376.9054816
0.406,376.3650181
0.407,375.8374183
0.408,375.3290358
0.409,374.8459015
0.41,374.3936249
0.411,373.9773035
0.412,373.6014393
0.413,373.2698663
0.414,372.9856885
0.415,372.7512299
0.416,372.5679968
0.417,372.4366541
0.418,372.3570141
0.419,372.3280403
0.42,372.3478634
0.421,372.4138113
0.422,372.5224523
0.423,372.6696494
0.424,372.8506267
0.425,373.060045
0.426,373.292087
0.427,373.5405498
0.428,373.7989435
0.429,374.060594
0.43,374.3187487
0.431,374.5666839
0.432,374.7978111
0.433,375.0057813
0.434,375.1845857
0.435,375.3286503
0.436,375.432925
0.437,375.4929627
0.438,375.5049907
0.439,375.4659702
0.44,375.3736448
0.441,375.2265772
0.442,375.0241725
0.443,374.7666885
0.444,374.4552335
0.445,374.0917498
0.446,373.6789849
0.447,373.2204507
0.448,372.7203697
0.449,372.1836119
0.45,371.6156202
0.451,371.022328
0.452,370.4100693
0.453,369.7854822
0.454,369.1554087
0.455,368.5267905
0.456,367.9065642
0.457,367.3015566
0.458,366.7183813
0.459,366.1633398
0.46,365.6423264
0.461,365.1607402
0.462,364.7234046
0.463,364.3344962
0.464,363.9974828
0.465,363.7150734
0.466,363.4891791
0.467,363.3208869
0.468,363.2104456
0.469,363.1572648
0.47,363.1599267
0.471,363.2162106
0.472,363.3231291
0.473,363.4769764
0.474,363.6733873
0.475,363.9074059
0.476,364.1735632
0.477,364.4659624
0.478,364.7783703
0.479,365.1043139
0.48,365.4371795
0.481,365.7703149
0.482,366.0971309
0.483,366.4112015
0.484,366.7063624
0.485,366.9768038
0.486,367.2171583
0.487,367.4225817
0.488,367.5888256
0.489,367.7123004
0.49,367.7901282
0.491,367.8201851
0.492,367.8011312
0.493,367.7324291
0.494,367.6143498
0.495,367.4479667
0.496,367.2351367
0.497,366.9784698
0.498,366.6812879
0.499,366.3475717
0.5,365.9818985
0.501,365.5893711
0.502,365.1755383
0.503,364.7463094
0.504,364.307863
0.505,363.8665522
0.506,363.4288067
0.507,363.001035
0.508,362.5895255
0.509,362.2003511
0.51,361.8392757
0.511,361.5116666
0.512,361.222412
0.513,360.9758461
0.514,360.7756823
0.515,360.6249559
0.516,360.5259759
0.517,360.480289
0.518,360.4886529
0.519,360.5510228
0.52,360.6665481
0.521,360.8335818
0.522,361.0497004
0.523,361.3117357
0.524,361.6158162
0.525,361.9574195
0.526,362.3314322
0.527,362.7322195
0.528,363.153701
0.529,363.5894322
0.53,364.0326915
0.531,364.47657
0.532,364.9140635
0.533,365.3381654
0.534,365.7419594
0.535,366.1187094
0.536,366.4619473
0.537,366.7655559
0.538,367.0238467
0.539,367.2316309
0.54,367.384283
0.541,367.4777968
0.542,367.508832
0.543,367.4747511
0.544,367.3736475
0.545,367.2043625
0.546,366.9664932
0.547,366.6603891
0.548,366.2871403
0.549,365.8485551
0.55,365.3471287
0.551,364.7860042
0.552,364.1689252
0.553,363.5001817
0.554,362.7845498
0.555,362.0272271
0.556,361.2337636
0.557,360.4099893
0.558,359.5619405
0.559,358.6957858
0.56,357.8177512
0.561,356.9340472
0.562,356.0507989
0.563,355.1739781
0.564,354.3093406
0.565,353.4623677
0.566,352.638214
0.567,351.8416609
0.568,351.0770764
0.569,350.3483831
0.57,349.6590318
0.571,349.011984
0.572,348.4097003
0.573,347.8541366
0.574,347.3467477
0.575,346.8884963
0.576,346.4798692
0.577,346.1208984
0.578,345.8111878
0.579,345.5499434
0.58,345.3360079
0.581,345.1678981
0.582,345.0438437
0.583,344.9618283
0.584,344.9196303
0.585,344.9148642
0.586,344.9450202
0.587,345.0075031
0.588,345.0996685
0.589,345.2188563
0.59,345.3624209
0.591,345.5277583
0.592,345.7123289
0.593,345.9136761
0.594,346.1294409
0.595,346.3573725
0.596,346.5953344
0.597,346.8413064
0.598,347.0933833
0.599,347.3497697
0.6,347.6087723
0.601,347.8687893
0.602,348.1282974
0.603,348.3858382
0.604,348.6400026
0.605,348.8894155
0.606,349.1327208
0.607,349.3685664
0.608,349.5955914
0.609,349.8124148
0.61,350.0176264
0.611,350.2097808
0.612,350.387394
0.613,350.548944
0.614,350.6928743
0.615,350.8176017
0.616,350.9215273
0.617,351.0030513
0.618,351.0605914
0.619,351.0926041
0.62,351.0976095
0.621,351.0742176
0.622,351.0211575
0.623,350.9373075
0.624,350.8217262
0.625,350.6736837
0.626,350.4926924
0.627,350.2785366
0.628,350.0312995
0.629,349.751389
0.63,349.4395586
0.631,349.0969255
0.632,348.7249835
0.633,348.3256111
0.634,347.9010739
0.635,347.4540212
0.636,346.9874764
0.637,346.5048206
0.638,346.0097701
0.639,345.5063477
0.64,344.9988467
0.641,344.49179
0.642,343.9898828
0.643,343.4979602
0.644,343.0209306
0.645,342.5637148
0.646,342.1311823
0.647,341.7280847
0.648,341.3589889
0.649,341.028209
0.65,340.7397392
0.651,340.4971888
0.652,340.3037193
0.653,340.1619859
0.654,340.0740838
0.655,340.0414999
0.656,340.065072
0.657,340.1449547
0.658,340.2805944
0.659,340.4707126
0.66,340.7132994
0.661,341.0056163
0.662,341.3442091
0.663,341.7249317
0.664,342.1429792
0.665,342.5929317
0.666,343.0688072
0.667,343.5641242
0.668,344.0719721
0.669,344.5850901
0.67,345.0959522
0.671,345.5968581
0.672,346.0800292
0.673,346.537707
0.674,346.9622545
0.675,347.3462579
0.676,347.6826269
0.677,347.9646944
0.678,348.186311
0.679,348.3419355
0.68,348.4267187
0.681,348.4365798
0.682,348.3682739
0.683,348.2194497
0.684,347.988696
0.685,347.675577
0.686,347.2806548
0.687,346.8054995
0.688,346.2526856
0.689,345.6257753
0.69,344.9292881
0.691,344.168658
0.692,343.3501771
0.693,342.480928
0.694,341.5687035
0.695,340.6219175
0.696,339.6495054
0.697,338.6608166
0.698,337.6655009
0.699,336.6733886
0.7,335.6943681
0.701,334.7382604
0.702,333.8146942
0.703,332.932981
0.704,332.1019951
0.705,331.3300564
0.706,330.6248209
0.707,329.9931785
0.708,329.4411599
0.709,328.9738551
0.71,328.5953425
0.711,328.3086321
0.712,328.1156216
0.713,328.0170672
0.714,328.01257
0.715,328.1005764
0.716,328.2783951
0.717,328.5422281
0.718,328.8872175
0.719,329.3075056
0.72,329.7963097
0.721,330.3460083
0.722,330.9482391
0.723,331.5940074
0.724,332.2738032
0.725,332.9777246
0.726,333.6956077
0.727,334.4171596
0.728,335.1320934
0.729,335.8302631
0.73,336.501797
0.731,337.1372275
0.732,337.7276148
0.733,338.264664
0.734,338.740834
0.735,339.1494347
0.736,339.484714
0.737,339.7419315
0.738,339.9174179
0.739,340.0086206
0.74,340.0141336
0.741,339.9337115
0.742,339.7682685
0.743,339.5198602
0.744,339.1916513
0.745,338.7878671
0.746,338.313731
0.747,337.7753887
0.748,337.1798193
0.749,336.5347358
0.75,335.8484753
0.751,335.1298813
0.752,334.3881793
0.753,333.6328472
0.754,332.8734828
0.755,332.1196709
0.756,331.3808493
0.757,330.6661792
0.758,329.9844185
0.759,329.3438022
0.76,328.7519297
0.761,328.215662
0.762,327.7410292
0.763,327.3331502
0.764,326.9961654
0.765,326.7331831
0.766,326.5462407
0.767,326.4362811
0.768,326.4031441
0.769,326.4455741
0.77,326.5612416
0.771,326.746781
0.772,326.9978422
0.773,327.309155
0.774,327.6746073
0.775,328.0873332
0.776,328.5398126
0.777,329.0239782
0.778,329.5313301
0.779,330.0530557
0.78,330.5801529
0.781,331.1035558
0.782,331.6142598
0.783,332.1034456
0.784,332.5625993
0.785,332.9836275
0.786,333.3589658
0.787,333.6816793
0.788,333.9455527
0.789,334.1451708
0.79,334.2759859
0.791,334.3343738
0.792,334.3176748
0.793,334.2242226
0.794,334.0533575
0.795,333.8054263
0.796,333.4817675
0.797,333.0846831
0.798,332.6173968
0.799,332.0840001
0.8,331.4893864
0.801,330.8391747
0.802,330.1396238
0.803,329.3975384
0.804,328.6201693
0.805,327.8151072
0.806,326.9901744
0.807,326.1533139
0.808,325.3124781
0.809,324.4755197
0.81,323.6500847
0.811,322.8435103
0.812,322.062729
0.813,321.3141796
0.814,320.6037268
0.815,319.9365909
0.816,319.317287
0.817,318.7495769
0.818,318.2364313
0.819,317.7800059
0.82,317.3816289
0.821,317.0418012
0.822,316.7602094
0.823,316.5357504
0.824,316.3665674
0.825,316.2500971
0.826,316.1831265
0.827,316.1618583
0.828,316.1819849
0.829,316.2387679
0.83,316.3271238
0.831,316.4417126
0.832,316.5770294
0.833,316.7274968
0.834,316.8875563
0.835,317.0517584
0.836,317.2148488
0.837,317.3718499
0.838,317.5181366
0.839,317.6495049
0.84,317.7622322
0.841,317.8531289
0.842,317.9195799
0.843,317.9595764
0.844,317.971736
0.845,317.9553134
0.846,317.9101985
0.847,317.8369046
0.848,317.736546
0.849,317.6108052
0.85,317.4618909
0.851,317.2924872
0.852,317.1056948
0.853,316.904966
0.854,316.6940335
0.855,316.4768352
0.856,316.2574356
0.857,316.0399454
0.858,315.8284411
0.859,315.6268847
0.86,315.4390467
0.861,315.2684312
0.862,315.1182074
0.863,314.9911458
0.864,314.8895618
0.865,314.8152672
0.866,314.7695306
0.867,314.7530466
0.868,314.7659159
0.869,314.8076346
0.87,314.8770944
0.871,314.9725937
0.872,315.0918584
0.873,315.2320729
0.874,315.3899206
0.875,315.5616338
0.876,315.7430508
0.877,315.9296813
0.878,316.1167769
0.879,316.2994077
0.88,316.4725424
0.881,316.6311304
0.882,316.7701864
0.883,316.8848739
0.884,316.9705877
0.885,317.0230341
0.886,317.0383062
0.887,317.0129547
0.888,316.9440519
0.889,316.8292488
0.89,316.666823
0.891,316.4557178
0.892,316.1955721
0.893,315.8867384
0.894,315.5302914
0.895,315.1280249
0.896,314.682438
0.897,314.1967103
0.898,313.6746662
0.899,313.1207302
0.9,312.5398711
0.901,311.9375391
0.902,311.3195939
0.903,310.6922264
0.904,310.0618752
0.905,309.4351382
0.906,308.8186809
0.907,308.2191434
0.908,307.6430466
0.909,307.0966997
0.91,306.5861099
0.911,306.1168957
0.912,305.6942049
0.913,305.3226398
0.914,305.0061886
0.915,304.7481657
0.916,304.5511613
0.917,304.417001
0.918,304.3467154
0.919,304.3405219
0.92,304.3978172
0.921,304.5171814
0.922,304.6963933
0.923,304.9324581
0.924,305.2216445
0.925,305.5595332
0.926,305.9410746
0.927,306.3606558
0.928,306.8121749
0.929,307.2891225
0.93,307.7846688
0.931,308.2917547
0.932,308.8031867
0.933,309.311733
0.934,309.8102196
0.935,310.2916261
0.936,310.7491784
0.937,311.1764383
0.938,311.5673872
0.939,311.9165042
0.94,312.2188367
0.941,312.4700626
0.942,312.6665437
0.943,312.8053682
0.944,312.884384
0.945,312.9022199
0.946,312.8582968
0.947,312.7528263
0.948,312.5867994
0.949,312.3619632
0.95,312.0807878
0.951,311.7464226
0.952,311.3626435
0.953,310.9337919
0.954,310.4647056
0.955,309.9606434
0.956,309.4272049
0.957,308.8702449
0.958,308.2957868
0.959,307.7099323
0.96,307.1187729
0.961,306.5283009
0.962,305.944324
0.963,305.3723828
0.964,304.8176732
0.965,304.2849755
0.966,303.7785893
0.967,303.3022772
0.968,302.8592167
0.969,302.4519618
0.97,302.0824139
0.971,301.7518031
0.972,301.4606804
0.973,301.2089189
0.974,300.9957272
0.975,300.8196709
0.976,300.6787055
0.977,300.5702166
0.978,300.4910701
0.979,300.4376685
0.98,300.4060151
0.981,300.3917826
0.982,300.3903871
0.983,300.3970651
0.984,300.4069526
0.985,300.415165
0.986,300.4168773
0.987,300.4074019
0.988,300.3822642
0.989,300.3372744
0.99,300.2685942
0.991,300.1727974
0.992,300.0469239
0.993,299.8885264
0.994,299.6957081
0.995,299.467152
0.996,299.2021415
0.997,298.9005705
0.998,298.5629447
0.999,298.1903732
1,297.7845507
1.001,297.3477309
1.002,296.8826909
1.003,296.3926882
1.004,295.8814102
1.005,295.3529171
1.006,294.8115798
1.007,294.2620125
1.008,293.7090028
1.009,293.1574385
1.01,292.612234
1.011,292.0782555
1.012,291.5602489
1.013,291.062768
1.014,290.5901074
1.015,290.1462389
1.016,289.7347533
1.017,289.3588082
1.018,289.021083
1.019,288.7237408
1.02,288.4683988
1.021,288.2561069
1.022,288.0873354
1.023,287.9619709
1.024,287.8793216
1.025,287.8381315
1.026,287.8366023
1.027,287.8724241
1.028,287.9428137
1.029,288.0445589
1.03,288.1740706
1.031,288.3274385
1.032,288.5004926
1.033,288.6888678
1.034,288.8880707
1.035,289.0935483
1.036,289.3007566
1.037,289.5052292
1.038,289.7026433
1.039,289.8888837
1.04,290.0601026
1.041,290.212775
1.042,290.3437486
1.043,290.4502876
1.044,290.5301091
1.045,290.5814132
1.046,290.6029043
1.047,290.5938048
1.048,290.5538606
1.049,290.483338
1.05,290.3830132
1.051,290.2541526
1.052,290.0984866
1.053,289.9181759
1.054,289.715771
1.055,289.4941659
1.056,289.2565471
1.057,289.0063374
1.058,288.7471371
1.059,288.4826623
1.06,288.2166819
1.061,287.9529541
1.062,287.6951631
1.063,287.4468576
1.064,287.2113923
1.065,286.9918713
1.066,286.7910976
1.067,286.6115263
1.068,286.4552239
1.069,286.3238347
1.07,286.2185528
1.071,286.1401029
1.072,286.0887273
1.073,286.0641817
1.074,286.0657386
1.075,286.0921979
1.076,286.1419062
1.077,286.212782
1.078,286.3023487
1.079,286.4077739
1.08,286.5259139
1.081,286.6533633
1.082,286.7865093
1.083,286.9215883
1.084,287.0547466
1.085,287.1821005
1.086,287.2997991
1.087,287.4040847
1.088,287.4913537
1.089,287.5582135
1.09,287.6015376
1.091,287.6185156
1.092,287.6066994
1.093,287.5640427
1.094,287.4889357
1.095,287.3802318
1.096,287.2372684
1.097,287.0598797
1.098,286.8484017
1.099,286.6036705
1.1,286.3270119
1.101,286.0202243
1.102,285.6855539
1.103,285.3256636
1.104,284.9435952
1.105,284.5427261
1.106,284.1267205
1.107,283.699477
1.108,283.2650717
1.109,282.8276995
1.11,282.3916131
1.111,281.9610612
1.112,281.540227
1.113,281.1331673
1.114,280.7437538
1.115,280.375617
1.116,280.0320937
1.117,279.7161792
1.118,279.4304838
1.119,279.1771961
1.12,278.9580515
1.121,278.7743082
1.122,278.6267297
1.123,278.5155745
1.124,278.4405943
1.125,278.4010376
1.126,278.3956627
1.127,278.4227565
1.128,278.4801601
1.129,278.5653018
1.13,278.6752346
1.131,278.8066801
1.132,278.956076
1.133,279.1196286
1.134,279.2933672
1.135,279.4732017
1.136,279.6549809
1.137,279.8345517
1.138,280.0078178
1.139,280.1707973
1.14,280.3196778
1.141,280.4508693
1.142,280.5610528
1.143,280.6472249
1.144,280.7067374
1.145,280.7373316
1.146,280.7371658
1.147,280.7048376
1.148,280.6393988
1.149,280.5403636
1.15,280.4077104
1.151,280.2418761
1.152,280.0437445
1.153,279.8146274
1.154,279.5562406
1.155,279.2706731
1.156,278.9603524
1.157,278.628004
1.158,278.2766076
1.159,277.9093502
1.16,277.5295763
1.161,277.1407364
1.162,276.7463351
1.163,276.3498782
1.164,275.9548211
1.165,275.5645184
1.166,275.1821759
1.167,274.8108048
1.168,274.4531805
1.169,274.1118045
1.17,273.7888717
1.171,273.4862422
1.172,273.2054188
1.173,272.9475308
1.174,272.7133225
1.175,272.5031488
1.176,272.316976
1.177,272.1543895
1.178,272.014606
1.179,271.8964919
1.18,271.7985868
1.181,271.7191312
1.182,271.6560988
1.183,271.607232
1.184,271.5700809
1.185,271.5420436
1.186,271.5204097
1.187,271.5024031
1.188,271.4852264
1.189,271.4661036
1.19,271.4423229
1.191,271.4112767
1.192,271.3704995
1.193,271.3177029
1.194,271.2508069
1.195,271.1679673
1.196,271.0675985
1.197,270.9483919
1.198,270.8093287
1.199,270.6496888
1.2,270.4690531
1.201,270.2673014
1.202,270.0446056
1.203,269.8014171
1.204,269.53845
1.205,269.2566606
1.206,268.9572218
1.207,268.6414953
1.208,268.311
1.209,267.9673788
1.21,267.6123631
1.211,267.2477364
1.212,266.8752974
1.213,266.4968237
1.214,266.1140352
1.215,265.7285603
1.216,265.3419031
1.217,264.9554135
1.218,264.5702608
1.219,264.1874099
1.22,263.8076026
1.221,263.431342
1.222,263.0588827
1.223,262.6902243
1.224,262.3251111
1.225,261.9630355
1.226,261.6032473
1.227,261.2447664
1.228,260.886401
1.229,260.5267695
1.23,260.1643261
1.231,259.7973901
1.232,259.4241776
1.233,259.0428361
1.234,258.6514806
1.235,258.2482309
1.236,257.8312495
1.237,257.3987797
1.238,256.9491824
1.239,256.4809723
1.24,255.9928517
1.241,255.483742
1.242,254.952812
1.243,254.3995028
1.244,253.8235489
1.245,253.2249941
1.246,252.6042043
1.247,251.9618734
1.248,251.2990258
1.249,250.6170128
1.25,249.9175041
1.251,249.2024742
1.252,248.4741839
1.253,247.7351567
1.254,246.9881514
1.255,246.2361301
1.256,245.482223
1.257,244.7296899
1.258,243.9818789
1.259,243.2421837
1.26,242.513999
1.261,241.8006755
1.262,241.1054748
1.263,240.4315244
1.264,239.781775
1.265,239.1589587
1.266,238.5655501
1.267,238.0037305
1.268,237.4753557
1.269,236.9819275
1.27,236.5245707
1.271,236.1040136
1.272,235.7205748
1.273,235.3741548
1.274,235.0642334
1.275,234.7898721
1.276,234.5497227
1.277,234.3420411
1.278,234.1647061
1.279,234.0152434
1.28,233.8908541
1.281,233.7884481
1.282,233.7046799
1.283,233.6359893
1.284,233.5786437
1.285,233.5287829
1.286,233.482466
1.287,233.4357176
1.288,233.3845764
1.289,233.3251415
1.29,233.2536184
1.291,233.1663636
1.292,233.0599264
1.293,232.9310881
1.294,232.7768977
1.295,232.5947038
1.296,232.3821826
1.297,232.1373607
1.298,231.8586335
1.299,231.5447786
1.3,231.1949633
1.301,230.8087481
1.302,230.3860833
1.303,229.9273023
1.304,229.4331084
1.305,228.9045574
1.306,228.3430363
1.307,227.7502369
1.308,227.1281265
1.309,226.4789149
1.31,225.8050194
1.311,225.1090265
1.312,224.3936529
1.313,223.6617053
1.314,222.9160394
1.315,222.1595196
1.316,221.3949783
1.317,220.6251783
1.318,219.8527747
1.319,219.0802811
1.32,218.3100375
1.321,217.5441813
1.322,216.7846221
1.323,216.0330204
1.324,215.2907702
1.325,214.5589854
1.326,213.8384914
1.327,213.1298202
1.328,212.4332106
1.329,211.7486121
1.33,211.0756933
1.331,210.4138541
1.332,209.7622417
1.333,209.1197695
1.334,208.48514
1.335,207.8568695
1.336,207.2333149
1.337,206.6127033
1.338,205.993162
1.339,205.3727493
1.34,204.7494864
1.341,204.1213885
1.342,203.4864957
1.343,202.8429029
1.344,202.1887875
1.345,201.5224369
1.346,200.8422718
1.347,200.1468689
1.348,199.4349792
1.349,198.705545
1.35,197.9577119
1.351,197.1908393
1.352,196.4045064
1.353,195.5985152
1.354,194.7728904
1.355,193.9278761
1.356,193.0639288
1.357,192.1817084
1.358,191.2820662
1.359,190.36603
1.36,189.4347881
1.361,188.4896703
1.362,187.5321285
1.363,186.5637159
1.364,185.5860649
1.365,184.600865
1.366,183.6098413
1.367,182.614732
1.368,181.6172677
1.369,180.619151
1.37,179.6220375
1.371,178.6275186
1.372,177.6371058
1.373,176.6522163
1.374,175.674162
1.375,174.7041397
1.376,173.7432236
1.377,172.7923602
1.378,171.8523661
1.379,170.9239267
1.38,170.0075983
1.381,169.1038112
1.382,168.2128757
1.383,167.3349884
1.384,166.4702415
1.385,165.6186318
1.386,164.7800719
1.387,163.9544014
1.388,163.1413988
1.389,162.3407935
1.39,161.5522779
1.391,160.7755191
1.392,160.0101697
1.393,159.2558788
1.394,158.5123004
1.395,157.7791028
1.396,157.0559744
1.397,156.3426301
1.398,155.6388149
1.399,154.9443065
1.4,154.2589164
1.401,153.5824891
1.402,152.9149003
1.403,152.2560531
1.404,151.6058738
1.405,150.9643053
1.406,150.3313008
1.407,149.7068159
1.408,149.0908005
1.409,148.4831898
1.41,147.8838957
1.411,147.2927984
1.412,146.7097372
1.413,146.1345035
1.414,145.566833
1.415,145.0063998
1.416,144.4528112
1.417,143.905604
1.418,143.3642422
1.419,142.828116
1.42,142.2965429
1.421,141.7687701
1.422,141.2439786
1.423,140.7212893
1.424,140.1997702
1.425,139.678446
1.426,139.1563079
1.427,138.632326
1.428,138.1054616
1.429,137.5746816
1.43,137.0389726
1.431,136.4973558
1.432,135.9489023
1.433,135.3927482
1.434,134.8281092
1.435,134.2542947
1.436,133.6707211
1.437,133.076924
1.438,132.472569
1.439,131.8574607
1.44,131.2315501
1.441,130.5949403
1.442,129.9478895
1.443,129.2908122
1.444,128.6242782
1.445,127.9490088
1.446,127.2658709
1.447,126.5758692
1.448,125.8801352
1.449,125.1799155
1.45,124.4765562
1.451,123.7714879
1.452,123.0662069
1.453,122.3622564
1.454,121.6612066
1.455,120.9646334
1.456,120.2740971
1.457,119.5911212
1.458,118.9171706
1.459,118.2536317
1.46,117.6017916
1.461,116.96282
1.462,116.3377522
1.463,115.727473
1.464,115.132704
1.465,114.5539921
1.466,113.9917009
1.467,113.4460049
1.468,112.9168859
1.469,112.4041327
1.47,111.9073436
1.471,111.4259314
1.472,110.9591317
1.473,110.5060138
1.474,110.0654935
1.475,109.6363497
1.476,109.2172417
1.477,108.8067291
1.478,108.4032938
1.479,108.0053624
1.48,107.6113299
1.481,107.2195847
1.482,106.8285328
1.483,106.4366225
1.484,106.0423687
1.485,105.6443761
1.486,105.2413609
1.487,104.8321718
1.488,104.415808
1.489,103.991436
1.49,103.5584033
1.491,103.1162497
1.492,102.6647154
1.493,102.2037471
1.494,101.7334991
1.495,101.2543334
1.496,100.7668148
1.497,100.2717042
1.498,99.76994774
1.499,99.26266412
1.5,98.75112827
1.501,98.23675314
1.502,97.72106897
1.503,97.20570075
1.504,96.69234407
1.505,96.18273975
1.506,95.67864762
1.507,95.18181982
1.508,94.69397412
1.509,94.21676755
1.51,93.75177081
1.511,93.30044384
1.512,92.86411289
1.513,92.44394955
1.514,92.04095191
1.515,91.6559283
1.516,91.28948377
1.517,90.94200954
1.518,90.61367563
1.519,90.30442677
1.52,90.01398164
1.521,89.74183552
1.522,89.48726626
1.523,89.24934351
1.524,89.02694114
1.525,88.81875257
1.526,88.62330883
1.527,88.43899915
1.528,88.26409363
1.529,88.09676784
1.53,87.93512873
1.531,87.77724177
1.532,87.62115865
1.533,87.46494524
1.534,87.30670937
1.535,87.14462801
1.536,86.97697347
1.537,86.80213808
1.538,86.61865724
1.539,86.42523013
1.54,86.22073819
1.541,86.00426062
1.542,85.77508711
1.543,85.53272725
1.544,85.27691671
1.545,85.00761995
1.546,84.72502947
1.547,84.4295617
1.548,84.12184936
1.549,83.80273065
1.55,83.47323534
1.551,83.13456788
1.552,82.78808793
1.553,82.43528856
1.554,82.07777238
1.555,81.71722609
1.556,81.35539373
1.557,80.9940491
1.558,80.63496774
1.559,80.27989892
1.56,79.93053808
1.561,79.58850006
1.562,79.2552937
1.563,78.93229795
1.564,78.62074012
1.565,78.32167639
1.566,78.03597506
1.567,77.76430254
1.568,77.50711268
1.569,77.26463915
1.57,77.03689138
1.571,76.82365387
1.572,76.62448898
1.573,76.43874316
1.574,76.26555646
1.575,76.10387527
1.576,75.95246797
1.577,75.80994338
1.578,75.67477165
1.579,75.54530721
1.58,75.41981361
1.581,75.29648967
1.582,75.17349666
1.583,75.04898605
1.584,74.92112743
1.585,74.78813608
1.586,74.64829996
1.587,74.50000549
1.588,74.34176188
1.589,74.17222351
1.59,73.99021023
1.591,73.79472497
1.592,73.58496865
1.593,73.3603521
1.594,73.12050468
1.595,72.86527964
1.596,72.59475607
1.597,72.30923742
1.598,72.00924659
1.599,71.69551772
1.6,71.36898477
1.601,71.03076713
1.602,70.68215233
1.603,70.32457638
1.604,69.95960175
1.605,69.58889361
1.606,69.21419439
1.607,68.83729743
1.608,68.4600197
1.609,68.08417443
1.61,67.71154369
1.611,67.34385165
1.612,66.9827387
1.613,66.62973696
1.614,66.28624751
1.615,65.95351964
1.616,65.63263255
1.617,65.32447963
1.618,65.02975566
1.619,64.74894706
1.62,64.4823254
1.621,64.22994414
1.622,63.99163882
1.623,63.76703047
1.624,63.55553239
1.625,63.35636003
1.626,63.16854392
1.627,62.99094534
1.628,62.82227457
1.629,62.66111142
1.63,62.50592762
1.631,62.35511089
1.632,62.20699018
1.633,62.05986171
1.634,61.91201547
1.635,61.76176172
1.636,61.60745713
1.637,61.44753003
1.638,61.28050463
1.639,61.10502357
1.64,60.91986864
1.641,60.72397932
1.642,60.51646882
1.643,60.29663743
1.644,60.06398296
1.645,59.81820812
1.646,59.55922479
1.647,59.28715504
1.648,59.00232898
1.649,58.70527942
1.65,58.39673349
1.651,58.07760131
1.652,57.74896201
1.653,57.41204709
1.654,57.06822171
1.655,56.71896392
1.656,56.36584231
1.657,56.01049244
1.658,55.65459231
1.659,55.29983736
1.66,54.94791535
1.661,54.60048147
1.662,54.25913412
1.663,53.9253917
1.664,53.60067076
1.665,53.28626585
1.666,52.98333133
1.667,52.6928655
1.668,52.41569718
1.669,52.15247497
1.67,51.90365936
1.671,51.66951778
1.672,51.4501226
1.673,51.24535219
1.674,51.05489488
1.675,50.87825582
1.676,50.71476666
1.677,50.56359765
1.678,50.42377229
1.679,50.29418399
1.68,50.1736146
1.681,50.06075449
1.682,49.95422387
1.683,49.8525949
1.684,49.75441441
1.685,49.6582267
1.686,49.56259617
1.687,49.46612933
1.688,49.367496
1.689,49.26544914
1.69,49.15884322
1.691,49.04665075
1.692,48.92797672
1.693,48.80207075
1.694,48.66833677
1.695,48.52634015
1.696,48.37581205
1.697,48.21665106
1.698,48.04892219
1.699,47.87285295
1.7,47.688827
1.701,47.49737518
1.702,47.29916428
1.703,47.09498357
1.704,46.88572958
1.705,46.67238907
1.706,46.45602082
1.707,46.23773627
1.708,46.01867946
1.709,45.80000665
1.71,45.58286585
1.711,45.36837664
1.712,45.15761065
1.713,44.95157301
1.714,44.75118497
1.715,44.55726812
1.716,44.3705304
1.717,44.19155406
1.718,44.02078588
1.719,43.85852972
1.72,43.70494155
1.721,43.56002696
1.722,43.42364137
1.723,43.29549265
1.724,43.17514633
1.725,43.06203324
1.726,42.95545936
1.727,42.85461784
1.728,42.75860286
1.729,42.6664252
1.73,42.57702923
1.731,42.48931091
1.732,42.40213674
1.733,42.31436313
1.734,42.22485591
1.735,42.13250979
1.736,42.03626722
1.737,41.93513655
1.738,41.82820906
1.739,41.71467461
1.74,41.59383564
1.741,41.46511932
1.742,41.32808765
1.743,41.18244524
1.744,41.02804482
1.745,40.86489019
1.746,40.69313669
1.747,40.51308923
1.748,40.32519764
1.749,40.1300498
1.75,39.92836231
1.751,39.72096908
1.752,39.50880796
1.753,39.29290553
1.754,39.07436047
1.755,38.85432566
1.756,38.63398934
1.757,38.41455565
1.758,38.19722482
1.759,37.98317342
1.76,37.77353488
1.761,37.56938077
1.762,37.37170291
1.763,37.18139685
1.764,36.99924681
1.765,36.82591247
1.766,36.66191767
1.767,36.5076414
1.768,36.36331108
1.769,36.22899829
1.77,36.10461708
1.771,35.98992482
1.772,35.8845256
1.773,35.78787622
1.774,35.69929446
1.775,35.61796981
1.776,35.54297623
1.777,35.47328686
1.778,35.40779042
1.779,35.34530903
1.78,35.28461726
1.781,35.22446187
1.782,35.16358226
1.783,35.10073095
1.784,35.03469404
1.785,34.96431114
1.786,34.88849457
1.787,34.80624741
1.788,34.71668016
1.789,34.61902578
1.79,34.51265277
1.791,34.39707609
1.792,34.27196588
1.793,34.13715357
1.794,33.99263553
1.795,33.83857406
1.796,33.67529567
1.797,33.50328677
1.798,33.32318675
1.799,33.13577863
1.8,32.94197726
1.801,32.7428155
1.802,32.53942834
1.803,32.33303536
1.804,32.12492181
1.805,31.91641847
1.806,31.70888078
1.807,31.50366743
1.808,31.30211883
1.809,31.10553578
1.81,30.91515867
1.811,30.7321475
1.812,30.55756322
1.813,30.39235035
1.814,30.23732158
1.815,30.09314423
1.816,29.960329
1.817,29.83922117
1.818,29.72999429
1.819,29.63264661
1.82,29.54700021
1.821,29.47270292
1.822,29.40923292
1.823,29.35590607
1.824,29.3118858
1.825,29.27619533
1.826,29.24773225
1.827,29.22528502
1.828,29.20755123
1.829,29.19315737
1.83,29.18067971
1.831,29.16866609
1.832,29.15565813
1.833,29.14021367
1.834,29.12092897
1.835,29.09646038
1.836,29.0655451
1.837,29.02702082
1.838,28.97984369
1.839,28.92310466
1.84,28.85604363
1.841,28.77806135
1.842,28.68872892
1.843,28.58779453
1.844,28.47518761
1.845,28.35102006
1.846,28.21558473
1.847,28.06935104
1.848,27.91295795
1.849,27.74720418
1.85,27.57303602
1.851,27.39153286
1.852,27.20389059
1.853,27.01140323
1.854,26.81544302
1.855,26.61743928
1.856,26.41885643
1.857,26.22117139
1.858,26.02585081
1.859,25.83432853
1.86,25.64798345
1.861,25.46811834
1.862,25.29593977
1.863,25.13253963
1.864,24.97887837
1.865,24.83577032
1.866,24.70387132
1.867,24.58366881
1.868,24.47547455
1.869,24.3794201
1.87,24.29545512
1.871,24.22334853
1.872,24.16269245
1.873,24.11290899
1.874,24.07325961
1.875,24.04285709
1.876,24.02067973
1.877,24.00558772
1.878,23.99634133
1.879,23.99162066
1.88,23.99004667
1.881,23.99020307
1.882,23.99065885
1.883,23.98999098
1.884,23.98680701
1.885,23.97976713
1.886,23.96760548
1.887,23.94915017
1.888,23.92334189
1.889,23.88925074
1.89,23.84609093
1.891,23.79323328
1.892,23.73021523
1.893,23.65674817
1.894,23.57272204
1.895,23.47820711
1.896,23.3734529
1.897,23.25888425
1.898,23.1350946
1.899,23.00283663
1.9,22.86301033
1.901,22.71664874
1.902,22.56490156
1.903,22.40901694
1.904,22.25032162
1.905,22.09019986
1.906,21.9300714
1.907,21.77136885
1.908,21.61551483
1.909,21.46389926
1.91,21.31785708
1.911,21.17864684
1.912,21.04743051
1.913,20.92525462
1.914,20.8130334
1.915,20.71153375
1.916,20.62136269
1.917,20.5429572
1.918,20.47657667
1.919,20.42229828
1.92,20.38001502
1.921,20.34943676
1.922,20.3300941
1.923,20.32134504
1.924,20.32238437
1.925,20.33225562
1.926,20.34986536
1.927,20.37399968
1.928,20.40334256
1.929,20.43649587
1.93,20.47200064
1.931,20.5083593
1.932,20.54405861
1.933,20.57759274
1.934,20.60748635
1.935,20.63231721
1.936,20.65073793
1.937,20.66149668
1.938,20.66345627
1.939,20.65561164
1.94,20.63710517
1.941,20.60723977
1.942,20.56548951
1.943,20.51150754
1.944,20.44513128
1.945,20.36638475
1.946,20.27547797
1.947,20.17280357
1.948,20.05893047
1.949,19.9345949
1.95,19.80068882
1.951,19.65824593
1.952,19.50842548
1.953,19.35249418
1.954,19.19180647
1.955,19.02778336
1.956,18.86189044
1.957,18.69561502
1.958,18.53044315
1.959,18.36783655
1.96,18.20921007
1.961,18.05590985
1.962,17.90919262
1.963,17.77020643
1.964,17.63997312
1.965,17.51937279
1.966,17.40913056
1.967,17.30980572
1.968,17.2217836
1.969,17.14527011
1.97,17.08028919
1.971,17.02668309
1.972,16.98411554
1.973,16.95207776
1.974,16.92989717
1.975,16.91674867
1.976,16.91166841
1.977,16.91356964
1.978,16.92126061
1.979,16.93346402
1.98,16.9488379
1.981,16.96599751
1.982,16.98353782
1.983,17.00005647
1.984,17.01417649
1.985,17.02456883
1.986,17.02997392
1.987,17.02922232
1.988,17.0212538
1.989,17.00513478
1.99,16.98007368
1.991,16.94543416
1.992,16.90074572
1.993,16.84571181
1.994,16.78021511
1.995,16.70431999
1.996,16.61827207
1.997,16.52249489
1.998,16.41758375
1.999,16.30429679
2,16.18354351
2.001,16.05637081
2.002,15.92394681
2.003,15.78754279
2.004,15.64851331
2.005,15.50827509
2.006,15.36828478
2.007,15.23001604
2.008,15.09493628
2.009,14.96448342
2.01,14.84004307
2.011,14.72292642
2.012,14.61434925
2.013,14.51541232
2.014,14.42708352
2.015,14.35018205
2.016,14.28536482
2.017,14.23311534
2.018,14.19373529
2.019,14.16733881
2.02,14.15384976
2.021,14.15300185
2.022,14.16434168
2.023,14.18723476
2.024,14.2208742
2.025,14.2642922
2.026,14.3163739
2.027,14.37587365
2.028,14.44143316
2.029,14.51160158
2.03,14.58485684
2.031,14.65962825
2.032,14.73431984
2.033,14.80733407
2.034,14.87709558
2.035,14.94207475
2.036,15.00081042
2.037,15.05193164
2.038,15.09417812
2.039,15.12641891
2.04,15.14766919
2.041,15.15710474
2.042,15.1540741
2.043,15.13810797
2.044,15.10892595
2.045,15.06644029
2.046,15.01075684
2.047,14.94217292
2.048,14.86117239
2.049,14.76841787
2.05,14.66474017
2.051,14.55112531
2.052,14.42869909
2.053,14.29870965
2.054,14.16250813
2.055,14.02152785
2.056,13.87726228
2.057,13.73124214
2.058,13.58501203
2.059,13.44010681
2.06,13.29802838
2.061,13.16022284
2.062,13.02805874
2.063,12.90280651
2.064,12.78561948
2.065,12.67751683
2.066,12.57936857
2.067,12.49188298
2.068,12.41559655
2.069,12.35086664
2.07,12.2978669
2.071,12.25658567
2.072,12.22682715
2.073,12.20821553
2.074,12.20020187
2.075,12.20207369
2.076,12.21296706
2.077,12.23188104
2.078,12.25769427
2.079,12.28918328
2.08,12.32504248
2.081,12.36390531
2.082,12.4043663
2.083,12.44500369
2.084,12.48440224
2.085,12.52117591
2.086,12.55398994
2.087,12.58158217
2.088,12.60278307
2.089,12.61653432
2.09,12.6219056
2.091,12.61810923
2.092,12.60451263
2.093,12.58064823
2.094,12.54622076
2.095,12.50111185
2.096,12.4453817
2.097,12.37926802
2.098,12.30318215
2.099,12.21770231
2.1,12.12356437
2.101,12.02165003
2.102,11.91297268
2.103,11.79866125
2.104,11.67994217
2.105,11.55811987
2.106,11.43455592
2.107,11.31064742
2.108,11.18780476
2.109,11.06742914
2.11,10.95089029
2.111,10.83950469
2.112,10.73451459
2.113,10.63706827
2.114,10.54820169
2.115,10.46882202
2.116,10.39969309
2.117,10.34142324
2.118,10.29445547
2.119,10.25906031
2.12,10.23533137
2.121,10.22318368
2.122,10.22235488
2.123,10.23240912
2.124,10.25274385
2.125,10.28259909
2.126,10.3210693
2.127,10.36711746
2.128,10.41959136
2.129,10.47724157
2.13,10.53874105
2.131,10.60270601
2.132,10.66771761
2.133,10.7323443
2.134,10.79516437
2.135,10.85478831
2.136,10.90988079
2.137,10.95918177
2.138,11.00152641
2.139,11.03586357
2.14,11.06127253
2.141,11.07697771
2.142,11.08236109
2.143,11.07697222
2.144,11.06053562
2.145,11.03295541
2.146,10.99431721
2.147,10.94488717
2.148,10.88510814
2.149,10.81559314
2.15,10.73711617
2.151,10.65060042
2.152,10.5571042
2.153,10.45780474
2.154,10.35398007
2.155,10.24698935
2.156,10.13825188
2.157,10.02922513
2.158,9.921382164
2.159,9.816188751
2.16,9.715080573
2.161,9.619440837
2.162,9.530578662
2.163,9.44970857
2.164,9.377931392
2.165,9.316216894
2.166,9.26538838
2.167,9.226109525
2.168,9.198873627
2.169,9.183995453
2.17,9.181605803
2.171,9.19164888
2.172,9.213882499
2.173,9.247881141
2.174,9.293041802
2.175,9.348592551
2.176,9.413603657
2.177,9.487001127
2.178,9.56758244
2.179,9.65403424
2.18,9.744951709
2.181,9.838859339
2.182,9.934232772
2.183,10.02952138
2.184,10.12317122
2.185,10.21364808
2.186,10.29946019
2.187,10.37918022
2.188,10.45146644
2.189,10.5150824
2.19,10.56891515
2.191,10.61199148
2.192,10.6434921
2.193,10.66276344
2.194,10.66932695
2.195,10.6628858
2.196,10.64332877
2.197,10.61073137
2.198,10.56535418
2.199,10.50763837
2.2,10.43819859
2.201,10.35781316
2.202,10.26741199
2.203,10.16806215
2.204,10.06095147
2.205,9.947370431
2.206,9.82869251
2.207,9.706353438
2.208,9.581829589
2.209,9.45661586
2.21,9.3322034
2.211,9.210057509
2.212,9.091596057
2.213,8.978168743
2.214,8.871037522
2.215,8.771358485
2.216,8.680165464
2.217,8.59835562
2.218,8.52667721
2.219,8.465719725
2.22,8.415906532
2.221,8.377490128
2.222,8.350550066
2.223,8.334993566
2.224,8.3305588
2.225,8.336820772
2.226,8.353199706
2.227,8.378971782
2.228,8.413282057
2.229,8.455159338
2.23,8.503532791
2.231,8.557249989
2.232,8.615096132
2.233,8.675814117
2.234,8.738125139
2.235,8.80074951
2.236,8.862427337
2.237,8.921938774
2.238,8.978123481
2.239,9.029899033
2.24,9.076277947
2.241,9.116383102
2.242,9.149461279
2.243,9.174894639
2.244,9.192209938
2.245,9.201085371
2.246,9.201354909
2.247,9.193010095
2.248,9.176199267
2.249,9.151224219
2.25,9.118534375
2.251,9.078718572
2.252,9.032494576
2.253,8.980696522
2.254,8.924260468
2.255,8.864208308
2.256,8.801630294
2.257,8.737666465
2.258,8.673487257
2.259,8.610273637
2.26,8.549197045
2.261,8.491399497
2.262,8.437974143
2.263,8.389946608
2.264,8.348257401
2.265,8.313745686
2.266,8.287134661
2.267,8.269018792
2.268,8.259853095
2.269,8.25994465
2.27,8.269446473
2.271,8.288353848
2.272,8.316503193
2.273,8.353573457
2.274,8.399090054
2.275,8.45243126
2.276,8.512836976
2.277,8.579419736
2.278,8.651177774
2.279,8.727009955
2.28,8.805732343
2.281,8.886096147
2.282,8.966806751
2.283,9.046543568
2.284,9.123980367
2.285,9.197805791
2.286,9.266743732
2.287,9.32957324
2.288,9.385147678
2.289,9.432412797
2.29,9.47042348
2.291,9.49835886
2.292,9.515535613
2.293,9.521419187
2.294,9.515632811
2.295,9.497964134
2.296,9.468369395
2.297,9.42697505
2.298,9.374076837
2.299,9.310136285
2.3,9.235774719
2.301,9.151764857
2.302,9.059020115
2.303,8.958581796
2.304,8.851604339
2.305,8.739338873
2.306,8.623115311
2.307,8.504323256
2.308,8.384392019
2.309,8.264770044
2.31,8.146904052
2.311,8.032218221
2.312,7.922093718
2.313,7.817848893
