0,3.732656
0.001,31.727577
0.002,70.920464
0.003,83.984764
0.004,69.054138
0.005,80.874214
0.006,92.072182
0.007,115.090233
0.008,151.172577
0.009,164.236862
0.01,208.406631
0.011,249.465851
0.012,283.059753
0.013,306.077789
0.014,334.694824
0.015,301.723022
0.016,246.977417
0.017,245.7332
0.018,321.008423
0.019,374.509827
0.02,424.900696
0.021,449.162964
0.022,405.615295
0.023,319.14209
0.024,258.175385
0.025,205.918198
0.026,201.563431
0.027,294.257721
0.028,435.476563
0.029,435.476563
0.03,396.283661
0.031,377.620392
0.032,232.046783
0.033,235.779449
0.034,431.121796
0.035,446.052399
0.036,319.14209
0.037,190.365463
0.038,235.779449
0.039,210.272964
0.04,260.663818
0.041,378.864594
0.042,345.892792
0.043,230.802567
0.044,192.853897
0.045,232.6689
0.046,242.62265
0.047,283.059753
0.048,345.270691
0.049,312.92099
0.05,258.175385
0.051,260.663818
0.052,256.309052
0.053,205.918198
0.054,216.494049
0.055,272.483887
0.056,298.612488
0.057,293.013519
0.058,302.345154
0.059,234.535233
0.06,236.40155
0.061,267.507019
0.062,269.995453
0.063,221.470932
0.064,228.936249
0.065,240.134216
0.066,259.419586
0.067,250.087967
0.068,241.378433
0.069,274.35022
0.07,251.332184
0.071,279.327087
0.072,281.19342
0.073,278.704987
0.074,263.152252
0.075,283.681854
0.076,271.239685
0.077,255.064835
0.078,260.663818
0.079,241.378433
0.08,251.954285
0.081,275.594452
0.082,297.368286
0.083,289.902954
0.084,284.303986
0.085,246.355301
0.086,246.977417
0.087,250.710068
0.088,276.216553
0.089,266.884918
0.09,273.106018
0.091,264.396484
0.092,273.106018
0.093,270.617554
0.094,276.216553
0.095,290.525055
0.096,294.257721
0.097,289.902954
0.098,272.483887
0.099,255.064835
0.1,271.861786
0.101,316.031555
0.102,313.543121
0.103,266.884918
0.104,241.378433
0.105,206.540298
0.106,195.342331
0.107,264.396484
0.108,316.031555
0.109,314.787323
0.11,266.262817
0.111,221.470932
0.112,204.673981
0.113,231.424683
0.114,278.082886
0.115,283.681854
0.116,242.62265
0.117,208.406631
0.118,192.853897
0.119,218.360382
0.12,265.018585
0.121,296.746155
0.122,286.792419
0.123,249.465851
0.124,220.848816
0.125,190.365463
0.126,238.267883
0.127,265.018585
0.128,271.861786
0.129,246.355301
0.13,235.157333
0.131,221.470932
0.132,245.111084
0.133,261.285919
0.134,292.391388
0.135,274.972321
0.136,237.645767
0.137,207.784531
0.138,214.005615
0.139,238.267883
0.14,240.756317
0.141,260.663818
0.142,256.931152
0.143,238.267883
0.144,244.488983
0.145,260.663818
0.146,281.19342
0.147,255.064835
0.148,214.005615
0.149,195.964447
0.15,225.203583
0.151,249.465851
0.152,291.769287
0.153,300.478821
0.154,275.594452
0.155,282.437653
0.156,252.576401
0.157,235.157333
0.158,233.913116
0.159,245.7332
0.16,237.645767
0.161,243.244751
0.162,263.152252
0.163,296.746155
0.164,316.031555
0.165,287.41452
0.166,248.221634
0.167,215.249832
0.168,205.918198
0.169,223.337265
0.17,263.152252
0.171,263.152252
0.172,266.262817
0.173,248.221634
0.174,243.866867
0.175,234.535233
0.176,248.221634
0.177,271.239685
0.178,275.594452
0.179,269.995453
0.18,270.617554
0.181,249.465851
0.182,245.111084
0.183,253.198502
0.184,257.553284
0.185,253.198502
0.186,237.645767
0.187,254.442719
0.188,268.12912
0.189,272.483887
0.19,284.303986
0.191,296.746155
0.192,245.7332
0.193,216.494049
0.194,199.074997
0.195,208.406631
0.196,257.553284
0.197,283.059753
0.198,274.35022
0.199,260.663818
0.2,255.064835
0.201,251.332184
0.202,246.355301
0.203,258.797485
0.204,268.12912
0.205,271.861786
0.206,281.19342
0.207,245.7332
0.208,216.494049
0.209,228.314133
0.21,261.285919
0.211,289.280853
0.212,286.170288
0.213,255.064835
0.214,231.424683
0.215,226.4478
0.216,261.285919
0.217,266.262817
0.218,268.751251
0.219,256.931152
0.22,243.866867
0.221,239.5121
0.222,249.465851
0.223,243.866867
0.224,273.106018
0.225,268.751251
0.226,278.704987
0.227,283.059753
0.228,258.175385
0.229,253.198502
0.23,243.866867
0.231,271.861786
0.232,268.751251
0.233,286.792419
0.234,296.124054
0.235,294.879822
0.236,237.023666
0.237,210.895065
0.238,204.673981
0.239,219.604599
0.24,259.419586
0.241,291.769287
0.242,276.216553
0.243,234.535233
0.244,193.476013
0.245,198.452881
0.246,245.7332
0.247,283.059753
0.248,281.19342
0.249,248.221634
0.25,227.692017
0.251,218.360382
0.252,250.710068
0.253,288.036621
0.254,304.211487
0.255,289.902954
0.256,235.779449
0.257,230.180466
0.258,232.6689
0.259,271.239685
0.26,302.967255
0.261,302.345154
0.262,280.57132
0.263,233.913116
0.264,242.000534
0.265,258.175385
0.266,266.884918
0.267,295.501953
0.268,277.460785
0.269,224.581482
0.27,209.650848
0.271,208.406631
0.272,214.627731
0.273,278.082886
0.274,302.967255
0.275,277.460785
0.276,247.599518
0.277,241.378433
0.278,248.221634
0.279,274.35022
0.28,293.63562
0.281,273.106018
0.282,252.576401
0.283,255.064835
0.284,282.437653
0.285,302.967255
0.286,278.082886
0.287,237.645767
0.288,217.116165
0.289,222.093033
0.29,261.908051
0.291,266.884918
0.292,283.059753
0.293,258.175385
0.294,240.756317
0.295,217.116165
0.296,204.051865
0.297,233.913116
0.298,287.41452
0.299,276.216553
0.3,260.663818
0.301,249.465851
0.302,211.517181
0.303,246.977417
0.304,264.396484
0.305,300.478821
0.306,271.861786
0.307,227.069916
0.308,233.913116
0.309,261.908051
0.31,306.077789
0.311,317.275757
0.312,286.170288
0.313,233.913116
0.314,192.853897
0.315,204.673981
0.316,263.152252
0.317,291.147186
0.318,307.944122
0.319,250.710068
0.32,222.093033
0.321,214.627731
0.322,232.6689
0.323,268.751251
0.324,290.525055
0.325,258.797485
0.326,207.784531
0.327,204.051865
0.328,212.761398
0.329,275.594452
0.33,324.118988
0.331,295.501953
0.332,263.152252
0.333,221.470932
0.334,215.871948
0.335,245.7332
0.336,300.478821
0.337,333.450623
0.338,297.990387
0.339,248.221634
0.34,223.959366
0.341,186.010696
0.342,231.424683
0.343,294.257721
0.344,321.008423
0.345,296.746155
0.346,283.059753
0.347,248.221634
0.348,212.139282
0.349,223.959366
0.35,276.216553
0.351,277.460785
0.352,271.239685
0.353,242.000534
0.354,235.157333
0.355,239.5121
0.356,266.262817
0.357,279.949219
0.358,303.589355
0.359,291.147186
0.36,270.617554
0.361,246.977417
0.362,210.895065
0.363,226.4478
0.364,250.710068
0.365,269.373352
0.366,309.810455
0.367,301.100922
0.368,276.838654
0.369,238.889984
0.37,210.895065
0.371,220.226715
0.372,260.041718
0.373,299.234589
0.374,304.833588
0.375,253.198502
0.376,235.157333
0.377,207.162415
0.378,204.673981
0.379,260.041718
0.38,307.322021
0.381,294.257721
0.382,253.820618
0.383,235.779449
0.384,216.494049
0.385,256.309052
0.386,311.054688
0.387,335.939056
0.388,283.681854
0.389,231.424683
0.39,186.010696
0.391,195.964447
0.392,245.111084
0.393,291.147186
0.394,325.985291
0.395,297.990387
0.396,241.378433
0.397,216.494049
0.398,208.406631
0.399,239.5121
0.4,294.257721
0.401,327.851624
0.402,248.843735
0.403,202.807648
0.404,194.098114
0.405,209.650848
0.406,304.211487
0.407,354.602325
0.408,319.14209
0.409,245.7332
0.41,184.144363
0.411,172.946396
0.412,210.895065
0.413,280.57132
0.414,332.828491
0.415,306.699921
0.416,240.756317
0.417,204.051865
0.418,201.563431
0.419,225.203583
0.42,284.303986
0.421,300.478821
0.422,284.303986
0.423,214.627731
0.424,207.784531
0.425,243.244751
0.426,242.62265
0.427,297.368286
0.428,283.059753
0.429,242.000534
0.43,228.314133
0.431,214.627731
0.432,258.797485
0.433,294.879822
0.434,307.944122
0.435,270.617554
0.436,232.046783
0.437,229.55835
0.438,243.244751
0.439,255.686951
0.44,283.059753
0.441,292.391388
0.442,281.815552
0.443,273.728119
0.444,259.419586
0.445,255.686951
0.446,242.62265
0.447,253.198502
0.448,257.553284
0.449,266.262817
0.45,265.640686
0.451,271.861786
0.452,274.972321
0.453,276.216553
0.454,251.954285
0.455,239.5121
0.456,250.710068
0.457,254.442719
0.458,271.861786
0.459,278.704987
0.46,265.018585
0.461,258.175385
0.462,240.134216
0.463,235.157333
0.464,256.309052
0.465,262.530151
0.466,261.908051
0.467,257.553284
0.468,248.221634
0.469,259.419586
0.47,263.774353
0.471,281.19342
0.472,277.460785
0.473,251.332184
0.474,250.710068
0.475,251.332184
0.476,259.419586
0.477,266.262817
0.478,294.257721
0.479,289.280853
0.48,278.704987
0.481,255.686951
0.482,246.355301
0.483,234.535233
0.484,260.663818
0.485,274.35022
0.486,270.617554
0.487,269.995453
0.488,284.926086
0.489,269.373352
0.49,253.198502
0.491,273.728119
0.492,254.442719
0.493,286.170288
0.494,312.298889
0.495,295.501953
0.496,286.170288
0.497,277.460785
0.498,242.000534
0.499,240.756317
0.5,251.954285
0.501,272.483887
0.502,304.211487
0.503,287.41452
0.504,276.216553
0.505,260.041718
0.506,258.797485
0.507,255.686951
0.508,285.548187
0.509,291.769287
0.51,264.396484
0.511,271.239685
0.512,273.106018
0.513,238.267883
0.514,240.756317
0.515,256.931152
0.516,248.843735
0.517,296.746155
0.518,295.501953
0.519,265.640686
0.52,278.704987
0.521,273.106018
0.522,268.751251
0.523,283.681854
0.524,291.147186
0.525,256.931152
0.526,253.820618
0.527,257.553284
0.528,272.483887
0.529,286.170288
0.53,311.676788
0.531,288.658752
0.532,272.483887
0.533,257.553284
0.534,246.977417
0.535,280.57132
0.536,314.165222
0.537,312.298889
0.538,294.879822
0.539,257.553284
0.54,230.802567
0.541,242.000534
0.542,243.244751
0.543,300.478821
0.544,315.409454
0.545,298.612488
0.546,284.926086
0.547,263.152252
0.548,276.838654
0.549,273.106018
0.55,304.211487
0.551,372.021393
0.552,330.962189
0.553,275.594452
0.554,230.802567
0.555,220.848816
0.556,225.825699
0.557,279.327087
0.558,329.717957
0.559,318.519989
0.56,282.437653
0.561,238.267883
0.562,238.889984
0.563,238.267883
0.564,288.036621
0.565,344.64859
0.566,318.519989
0.567,253.198502
0.568,225.825699
0.569,220.848816
0.57,238.889984
0.571,281.19342
0.572,330.962189
0.573,313.543121
0.574,275.594452
0.575,249.465851
0.576,230.802567
0.577,243.244751
0.578,285.548187
0.579,322.874756
0.58,306.699921
0.581,271.861786
0.582,244.488983
0.583,241.378433
0.584,263.774353
0.585,275.594452
0.586,302.967255
0.587,283.059753
0.588,257.553284
0.589,253.198502
0.59,256.931152
0.591,276.838654
0.592,302.345154
0.593,289.902954
0.594,281.815552
0.595,283.059753
0.596,269.995453
0.597,271.861786
0.598,279.327087
0.599,264.396484
0.6,271.861786
0.601,280.57132
0.602,273.106018
0.603,272.483887
0.604,279.327087
0.605,281.19342
0.606,260.041718
0.607,261.908051
0.608,263.152252
0.609,264.396484
0.61,294.879822
0.611,266.262817
0.612,267.507019
0.613,269.373352
0.614,276.216553
0.615,286.170288
0.616,290.525055
0.617,273.728119
0.618,246.977417
0.619,280.57132
0.62,300.478821
0.621,309.188354
0.622,304.833588
0.623,252.576401
0.624,240.134216
0.625,222.093033
0.626,238.267883
0.627,289.902954
0.628,315.409454
0.629,316.653656
0.63,304.211487
0.631,269.373352
0.632,251.332184
0.633,232.6689
0.634,238.889984
0.635,281.19342
0.636,311.054688
0.637,321.630524
0.638,306.699921
0.639,286.170288
0.64,260.663818
0.641,245.111084
0.642,223.337265
0.643,250.710068
0.644,289.902954
0.645,281.815552
0.646,296.746155
0.647,278.082886
0.648,289.902954
0.649,266.884918
0.65,264.396484
0.651,283.681854
0.652,295.501953
0.653,261.285919
0.654,282.437653
0.655,286.792419
0.656,260.663818
0.657,289.280853
0.658,304.833588
0.659,301.723022
0.66,295.501953
0.661,285.548187
0.662,286.792419
0.663,303.589355
0.664,316.031555
0.665,289.280853
0.666,284.303986
0.667,266.262817
0.668,263.774353
0.669,254.442719
0.67,272.483887
0.671,294.879822
0.672,302.345154
0.673,299.234589
0.674,289.902954
0.675,284.303986
0.676,272.483887
0.677,276.216553
0.678,263.152252
0.679,271.861786
0.68,279.327087
0.681,300.478821
0.682,308.566254
0.683,326.607422
0.684,330.962189
0.685,294.879822
0.686,272.483887
0.687,262.530151
0.688,269.995453
0.689,290.525055
0.69,323.496857
0.691,329.717957
0.692,299.234589
0.693,281.815552
0.694,254.442719
0.695,230.180466
0.696,243.866867
0.697,265.640686
0.698,297.368286
0.699,297.990387
0.7,294.257721
0.701,269.373352
0.702,242.000534
0.703,237.645767
0.704,235.779449
0.705,274.972321
0.706,291.769287
0.707,301.723022
0.708,292.391388
0.709,291.147186
0.71,263.774353
0.711,260.041718
0.712,266.262817
0.713,284.303986
0.714,312.298889
0.715,286.792419
0.716,268.751251
0.717,275.594452
0.718,279.327087
0.719,290.525055
0.72,306.077789
0.721,316.031555
0.722,288.036621
0.723,263.774353
0.724,271.239685
0.725,267.507019
0.726,269.995453
0.727,283.059753
0.728,289.280853
0.729,294.257721
0.73,286.170288
0.731,279.949219
0.732,286.792419
0.733,309.188354
0.734,307.322021
0.735,282.437653
0.736,265.640686
0.737,256.309052
0.738,273.106018
0.739,288.658752
0.74,297.368286
0.741,307.322021
0.742,281.19342
0.743,281.815552
0.744,287.41452
0.745,297.990387
0.746,315.409454
0.747,324.741089
0.748,325.36319
0.749,302.967255
0.75,285.548187
0.751,276.838654
0.752,255.064835
0.753,268.12912
0.754,296.746155
0.755,307.944122
0.756,316.653656
0.757,321.008423
0.758,311.054688
0.759,297.368286
0.76,288.036621
0.761,284.926086
0.762,259.419586
0.763,266.262817
0.764,269.373352
0.765,283.681854
0.766,285.548187
0.767,283.059753
0.768,310.432556
0.769,314.165222
0.77,308.566254
0.771,326.607422
0.772,293.63562
0.773,261.908051
0.774,257.553284
0.775,246.355301
0.776,253.820618
0.777,288.036621
0.778,307.944122
0.779,294.257721
0.78,292.391388
0.781,261.285919
0.782,251.954285
0.783,255.686951
0.784,278.082886
0.785,282.437653
0.786,291.769287
0.787,291.769287
0.788,259.419586
0.789,254.442719
0.79,249.465851
0.791,250.087967
0.792,296.746155
0.793,319.14209
0.794,329.095856
0.795,319.14209
0.796,286.792419
0.797,272.483887
0.798,228.936249
0.799,238.267883
0.8,252.576401
0.801,317.275757
0.802,347.759125
0.803,365.178192
0.804,309.810455
0.805,256.931152
0.806,210.272964
0.807,198.452881
0.808,248.221634
0.809,327.229523
0.81,367.044525
0.811,327.851624
0.812,237.645767
0.813,212.139282
0.814,186.632813
0.815,200.941315
0.816,276.216553
0.817,340.293823
0.818,327.851624
0.819,256.931152
0.82,205.918198
0.821,200.319214
0.822,207.162415
0.823,250.087967
0.824,330.340057
0.825,345.892792
0.826,314.165222
0.827,258.175385
0.828,216.494049
0.829,235.779449
0.83,238.267883
0.831,288.036621
0.832,327.229523
0.833,322.252655
0.834,250.087967
0.835,230.180466
0.836,221.470932
0.837,255.064835
0.838,274.972321
0.839,326.607422
0.84,324.118988
0.841,292.391388
0.842,251.332184
0.843,218.360382
0.844,215.249832
0.845,218.982498
0.846,248.221634
0.847,299.234589
0.848,348.381226
0.849,309.810455
0.85,261.908051
0.851,224.581482
0.852,208.406631
0.853,240.756317
0.854,269.995453
0.855,302.345154
0.856,295.501953
0.857,256.931152
0.858,214.005615
0.859,240.134216
0.86,246.977417
0.861,272.483887
0.862,291.147186
0.863,283.059753
0.864,251.332184
0.865,232.6689
0.866,240.756317
0.867,256.931152
0.868,276.216553
0.869,282.437653
0.87,255.064835
0.871,268.751251
0.872,260.041718
0.873,275.594452
0.874,287.41452
0.875,293.013519
0.876,284.303986
0.877,281.815552
0.878,268.751251
0.879,258.175385
0.88,283.059753
0.881,283.059753
0.882,264.396484
0.883,247.599518
0.884,246.977417
0.885,256.309052
0.886,278.704987
0.887,281.19342
0.888,297.368286
0.889,269.995453
0.89,257.553284
0.891,248.843735
0.892,258.797485
0.893,258.797485
0.894,271.861786
0.895,312.92099
0.896,322.874756
0.897,307.944122
0.898,285.548187
0.899,263.774353
0.9,252.576401
0.901,242.000534
0.902,265.640686
0.903,286.792419
0.904,263.774353
0.905,278.082886
0.906,273.106018
0.907,268.751251
0.908,247.599518
0.909,263.152252
0.91,292.391388
0.911,297.990387
0.912,312.92099
0.913,296.124054
0.914,243.866867
0.915,233.913116
0.916,219.604599
0.917,224.581482
0.918,248.221634
0.919,306.699921
0.92,325.36319
0.921,313.543121
0.922,273.106018
0.923,246.977417
0.924,207.162415
0.925,217.738281
0.926,263.774353
0.927,309.188354
0.928,311.054688
0.929,294.257721
0.93,255.064835
0.931,227.069916
0.932,220.848816
0.933,203.429764
0.934,265.018585
0.935,313.543121
0.936,306.699921
0.937,291.147186
0.938,257.553284
0.939,228.936249
0.94,203.429764
0.941,222.715149
0.942,264.396484
0.943,288.036621
0.944,284.926086
0.945,254.442719
0.946,246.977417
0.947,258.175385
0.948,238.889984
0.949,243.866867
0.95,273.106018
0.951,243.244751
0.952,220.848816
0.953,212.139282
0.954,213.383514
0.955,242.62265
0.956,265.640686
0.957,298.612488
0.958,298.612488
0.959,251.332184
0.96,227.069916
0.961,240.134216
0.962,248.221634
0.963,285.548187
0.964,286.792419
0.965,267.507019
0.966,263.774353
0.967,242.62265
0.968,269.373352
0.969,279.949219
0.97,280.57132
0.971,291.769287
0.972,259.419586
0.973,235.779449
0.974,258.797485
0.975,261.908051
0.976,263.152252
0.977,280.57132
0.978,286.792419
0.979,263.152252
0.98,243.244751
0.981,247.599518
0.982,267.507019
0.983,291.769287
0.984,297.990387
0.985,284.303986
0.986,253.820618
0.987,248.221634
0.988,244.488983
0.989,241.378433
0.99,258.175385
0.991,253.198502
0.992,277.460785
0.993,288.036621
0.994,299.85672
0.995,278.704987
0.996,242.62265
0.997,235.779449
0.998,238.267883
0.999,223.959366
1,258.175385
1.001,274.972321
1.002,255.686951
1.003,254.442719
1.004,266.884918
1.005,254.442719
1.006,246.977417
1.007,248.843735
1.008,261.285919
1.009,248.221634
1.01,248.843735
1.011,283.681854
1.012,277.460785
1.013,274.972321
1.014,274.35022
1.015,269.995453
1.016,249.465851
1.017,265.640686
1.018,267.507019
1.019,299.85672
1.02,312.298889
1.021,298.612488
1.022,250.087967
1.023,224.581482
1.024,224.581482
1.025,219.604599
1.026,243.866867
1.027,280.57132
1.028,291.769287
1.029,288.658752
1.03,281.19342
1.031,271.239685
1.032,241.378433
1.033,247.599518
1.034,251.954285
1.035,263.774353
1.036,263.774353
1.037,283.059753
1.038,285.548187
1.039,278.704987
1.04,267.507019
1.041,242.000534
1.042,233.913116
1.043,255.064835
1.044,272.483887
1.045,267.507019
1.046,285.548187
1.047,294.257721
1.048,266.262817
1.049,263.152252
1.05,249.465851
1.051,240.756317
1.052,238.267883
1.053,259.419586
1.054,269.373352
1.055,256.931152
1.056,258.175385
1.057,251.332184
1.058,240.134216
1.059,235.779449
1.06,239.5121
1.061,255.686951
1.062,283.681854
1.063,279.949219
1.064,260.041718
1.065,258.175385
1.066,242.62265
1.067,220.848816
1.068,236.40155
1.069,266.884918
1.07,289.280853
1.071,301.723022
1.072,280.57132
1.073,246.977417
1.074,220.226715
1.075,221.470932
1.076,246.977417
1.077,268.12912
1.078,266.262817
1.079,242.000534
1.08,228.936249
1.081,243.244751
1.082,252.576401
1.083,276.216553
1.084,300.478821
1.085,290.525055
1.086,260.663818
1.087,228.314133
1.088,229.55835
1.089,229.55835
1.09,228.314133
1.091,258.797485
1.092,313.543121
1.093,315.409454
1.094,273.106018
1.095,214.005615
1.096,212.139282
1.097,222.093033
1.098,265.640686
1.099,358.957092
1.1,396.283661
1.101,306.699921
1.102,206.540298
1.103,151.794678
1.104,167.347412
1.105,167.969528
1.106,284.926086
1.107,318.519989
1.108,251.332184
1.109,177.923279
1.11,142.463043
1.111,142.463043
1.112,211.517181
1.113,301.100922
1.114,333.450623
1.115,261.908051
1.116,195.964447
1.117,167.347412
1.118,168.591629
1.119,237.023666
1.12,341.538025
1.121,358.957092
1.122,303.589355
1.123,225.203583
1.124,182.278046
1.125,165.481094
1.126,202.807648
1.127,301.723022
1.128,345.892792
1.129,288.036621
1.13,205.296082
1.131,156.149445
1.132,153.038895
1.133,186.632813
1.134,284.303986
1.135,319.14209
1.136,319.14209
1.137,234.535233
1.138,201.563431
1.139,204.051865
1.14,218.360382
1.141,252.576401
1.142,283.681854
1.143,288.658752
1.144,249.465851
1.145,245.7332
1.146,246.355301
1.147,256.931152
1.148,253.820618
1.149,283.059753
1.15,296.746155
1.151,288.658752
1.152,261.908051
1.153,228.314133
1.154,211.517181
1.155,194.72023
1.156,221.470932
1.157,225.203583
1.158,265.640686
1.159,269.373352
1.16,243.866867
1.161,218.360382
1.162,241.378433
1.163,252.576401
1.164,244.488983
1.165,278.082886
1.166,256.931152
1.167,243.866867
1.168,251.332184
1.169,237.645767
1.17,268.12912
1.171,278.704987
1.172,327.851624
1.173,341.538025
1.174,325.985291
1.175,259.419586
1.176,184.144363
1.177,190.365463
1.178,195.964447
1.179,240.756317
1.18,289.902954
1.181,286.170288
1.182,243.244751
1.183,204.051865
1.184,213.383514
1.185,220.848816
1.186,229.55835
1.187,263.152252
1.188,277.460785
1.189,281.815552
1.19,250.087967
1.191,234.535233
1.192,266.884918
1.193,273.106018
1.194,297.990387
1.195,358.334991
1.196,371.399292
1.197,315.409454
1.198,240.756317
1.199,195.964447
1.2,170.457962
1.201,177.301163
1.202,224.581482
1.203,298.612488
1.204,289.902954
1.205,225.203583
1.206,179.167496
1.207,179.167496
1.208,194.72023
1.209,265.640686
1.21,310.432556
1.211,312.298889
1.212,243.244751
1.213,181.65593
1.214,170.457962
1.215,189.121246
1.216,235.779449
1.217,321.008423
1.218,329.717957
1.219,307.944122
1.22,231.424683
1.221,203.429764
1.222,186.010696
1.223,199.697098
1.224,280.57132
1.225,294.879822
1.226,245.7332
1.227,236.40155
1.228,209.650848
1.229,194.098114
1.23,220.848816
1.231,246.977417
1.232,272.483887
1.233,289.280853
1.234,227.692017
1.235,215.249832
1.236,210.272964
1.237,225.825699
1.238,240.756317
1.239,255.686951
1.24,273.728119
1.241,268.12912
1.242,258.175385
1.243,265.640686
1.244,232.6689
1.245,240.134216
1.246,240.134216
1.247,261.285919
1.248,253.198502
1.249,232.6689
1.25,235.779449
1.251,218.982498
1.252,211.517181
1.253,225.825699
1.254,238.889984
1.255,271.861786
1.256,276.838654
1.257,258.175385
1.258,240.134216
1.259,224.581482
1.26,232.6689
1.261,233.291
1.262,241.378433
1.263,274.35022
1.264,271.861786
1.265,253.198502
1.266,251.954285
1.267,234.535233
1.268,205.918198
1.269,215.871948
1.27,245.7332
1.271,255.064835
1.272,258.797485
1.273,255.686951
1.274,263.152252
1.275,248.843735
1.276,228.314133
1.277,231.424683
1.278,222.093033
1.279,238.267883
1.28,282.437653
1.281,284.303986
1.282,253.820618
1.283,251.954285
1.284,237.645767
1.285,215.871948
1.286,209.028748
1.287,242.62265
1.288,253.820618
1.289,232.046783
1.29,238.889984
1.291,251.332184
1.292,236.40155
1.293,245.7332
1.294,251.332184
1.295,237.645767
1.296,236.40155
1.297,238.889984
1.298,246.977417
1.299,249.465851
1.3,264.396484
1.301,270.617554
1.302,274.35022
1.303,260.663818
1.304,213.383514
1.305,225.825699
1.306,230.802567
1.307,255.064835
1.308,283.059753
1.309,282.437653
1.31,265.640686
1.311,246.355301
1.312,196.586563
1.313,204.673981
1.314,205.918198
1.315,237.023666
1.316,263.774353
1.317,289.280853
1.318,309.188354
1.319,307.944122
1.32,293.013519
1.321,271.861786
1.322,248.843735
1.323,251.332184
1.324,313.543121
1.325,418.057495
1.326,393.795227
1.327,321.008423
1.328,200.941315
1.329,123.17765
1.33,117.578667
1.331,151.172577
1.332,225.825699
1.333,245.7332
1.334,188.49913
1.335,136.241943
1.336,132.509293
1.337,146.81781
1.338,194.72023
1.339,256.931152
1.34,270.617554
1.341,215.871948
1.342,181.65593
1.343,186.632813
1.344,215.871948
1.345,286.170288
1.346,302.967255
1.347,269.373352
1.348,238.267883
1.349,222.093033
1.35,233.291
1.351,246.977417
1.352,286.170288
1.353,310.432556
1.354,279.327087
1.355,230.802567
1.356,198.452881
1.357,180.411713
1.358,174.190613
1.359,194.098114
1.36,243.244751
1.361,283.059753
1.362,283.059753
1.363,269.373352
1.364,249.465851
1.365,204.673981
1.366,205.296082
1.367,220.848816
1.368,249.465851
1.369,282.437653
1.37,289.280853
1.371,274.35022
1.372,243.866867
1.373,227.692017
1.374,190.365463
1.375,211.517181
1.376,282.437653
1.377,281.19342
1.378,262.530151
1.379,219.604599
1.38,178.54538
1.381,195.964447
1.382,178.54538
1.383,232.046783
1.384,276.216553
1.385,269.373352
1.386,273.106018
1.387,255.064835
1.388,256.931152
1.389,232.046783
1.39,220.226715
1.391,221.470932
1.392,229.55835
1.393,253.198502
1.394,276.838654
1.395,270.617554
1.396,255.064835
1.397,245.7332
1.398,212.139282
1.399,221.470932
1.4,241.378433
1.401,265.640686
1.402,246.977417
1.403,225.825699
1.404,228.936249
1.405,194.72023
1.406,169.835846
1.407,189.121246
1.408,247.599518
1.409,287.41452
1.41,296.124054
1.411,257.553284
1.412,232.046783
1.413,200.941315
1.414,184.766479
1.415,203.429764
1.416,274.972321
1.417,293.63562
1.418,273.106018
1.419,228.314133
1.42,201.563431
1.421,190.365463
1.422,189.743347
1.423,226.4478
1.424,281.19342
1.425,280.57132
1.426,238.889984
1.427,203.429764
1.428,205.296082
1.429,179.789597
1.43,178.54538
1.431,235.779449
1.432,294.257721
1.433,278.082886
1.434,266.262817
1.435,246.355301
1.436,255.686951
1.437,275.594452
1.438,314.787323
1.439,403.748962
1.44,341.538025
1.441,243.866867
1.442,186.010696
1.443,120.067108
1.444,122.555542
1.445,167.347412
1.446,279.327087
1.447,296.746155
1.448,207.784531
1.449,113.846008
1.45,98.91539
1.451,131.887177
1.452,221.470932
1.453,311.054688
1.454,299.234589
1.455,205.918198
1.456,123.799759
1.457,149.92836
1.458,152.416794
1.459,300.478821
1.46,429.255463
1.461,383.841461
1.462,266.262817
1.463,182.900146
1.464,124.421867
1.465,134.375626
1.466,218.360382
1.467,328.473724
1.468,283.059753
1.469,154.905228
1.47,131.887177
1.471,123.799759
1.472,130.64296
1.473,214.005615
1.474,321.630524
1.475,300.478821
1.476,216.494049
1.477,166.103195
1.478,152.416794
1.479,165.481094
1.48,262.530151
1.481,312.298889
1.482,278.704987
1.483,238.267883
1.484,230.180466
1.485,240.756317
1.486,245.111084
1.487,286.792419
1.488,302.345154
1.489,255.064835
1.49,218.360382
1.491,202.185547
1.492,200.319214
1.493,213.383514
1.494,255.686951
1.495,294.879822
1.496,290.525055
1.497,285.548187
1.498,261.908051
1.499,204.673981
1.5,202.807648
1.501,185.38858
1.502,212.761398
1.503,251.332184
1.504,280.57132
1.505,275.594452
1.506,246.355301
1.507,241.378433
1.508,230.802567
1.509,214.005615
1.51,213.383514
1.511,242.62265
1.512,284.926086
1.513,320.386322
1.514,279.327087
1.515,210.272964
1.516,166.725311
1.517,159.259995
1.518,184.144363
1.519,250.710068
1.52,288.036621
1.521,280.57132
1.522,243.244751
1.523,226.4478
1.524,212.761398
1.525,174.812729
1.526,171.080078
1.527,241.378433
1.528,300.478821
1.529,284.303986
1.53,232.046783
1.531,202.807648
1.532,167.969528
1.533,167.969528
1.534,237.023666
1.535,324.741089
1.536,306.077789
1.537,218.360382
1.538,172.946396
1.539,166.103195
1.54,151.794678
1.541,202.807648
1.542,274.972321
1.543,303.589355
1.544,237.023666
1.545,187.254913
1.546,178.54538
1.547,176.056946
1.548,166.725311
1.549,258.175385
1.55,292.391388
1.551,278.704987
1.552,205.918198
1.553,189.121246
1.554,165.481094
1.555,166.725311
1.556,230.802567
1.557,305.455688
1.558,330.340057
1.559,283.681854
1.56,208.406631
1.561,174.190613
1.562,157.393661
1.563,160.504211
1.564,258.797485
1.565,306.699921
1.566,269.373352
1.567,179.789597
1.568,148.684143
1.569,138.108276
1.57,142.463043
1.571,263.774353
1.572,360.201324
1.573,310.432556
1.574,211.517181
1.575,158.637878
1.576,125.043983
1.577,149.92836
1.578,251.332184
1.579,367.044525
1.58,337.183258
1.581,211.517181
1.582,161.748428
1.583,148.062027
1.584,133.131409
1.585,253.820618
1.586,380.730927
1.587,337.183258
1.588,191.60968
1.589,115.712341
1.59,97.049057
1.591,121.933434
1.592,255.064835
1.593,375.131927
1.594,318.519989
1.595,169.835846
1.596,113.2239
1.597,102.025932
1.598,163.614761
1.599,321.630524
1.6,391.306793
1.601,301.100922
1.602,163.614761
1.603,113.846008
1.604,111.357574
1.605,132.509293
1.606,279.949219
1.607,386.952026
1.608,269.373352
1.609,182.900146
1.61,128.154526
1.611,116.33445
1.612,133.75351
1.613,261.908051
1.614,336.561157
1.615,284.303986
1.616,201.563431
1.617,192.231796
1.618,139.974609
1.619,161.126328
1.62,261.908051
1.621,335.316956
1.622,299.85672
1.623,246.977417
1.624,210.895065
1.625,165.481094
1.626,158.637878
1.627,244.488983
1.628,367.044525
1.629,396.283661
1.63,293.013519
1.631,181.033829
1.632,110.113358
1.633,110.113358
1.634,126.910309
1.635,216.494049
1.636,258.175385
1.637,204.673981
1.638,130.020859
1.639,129.398743
1.64,126.910309
1.641,155.527344
1.642,249.465851
1.643,291.147186
1.644,255.064835
1.645,183.522263
1.646,179.789597
1.647,177.923279
1.648,240.756317
1.649,294.879822
1.65,304.211487
1.651,257.553284
1.652,232.046783
1.653,216.494049
1.654,205.296082
1.655,195.342331
1.656,232.046783
1.657,246.977417
1.658,246.355301
1.659,238.267883
1.66,238.889984
1.661,227.069916
1.662,231.424683
1.663,273.106018
1.664,301.100922
1.665,317.897888
1.666,303.589355
1.667,256.931152
1.668,186.010696
1.669,172.946396
1.67,156.771561
1.671,181.65593
1.672,265.018585
1.673,297.368286
1.674,293.63562
1.675,258.175385
1.676,213.383514
1.677,164.236862
1.678,139.352493
1.679,167.969528
1.68,243.244751
1.681,311.054688
1.682,293.013519
1.683,220.226715
1.684,172.946396
1.685,138.730392
1.686,146.195694
1.687,248.221634
1.688,410.592163
1.689,381.353027
1.69,280.57132
1.691,157.393661
1.692,133.75351
1.693,102.648041
1.694,92.69429
1.695,181.033829
1.696,231.424683
1.697,176.056946
1.698,146.81781
1.699,130.64296
1.7,141.840927
1.701,164.858978
1.702,260.663818
1.703,285.548187
1.704,216.494049
1.705,179.167496
1.706,205.918198
1.707,228.314133
1.708,276.216553
1.709,318.519989
1.71,314.165222
1.711,274.972321
1.712,261.285919
1.713,243.244751
1.714,220.226715
1.715,213.383514
1.716,227.692017
1.717,233.291
1.718,235.157333
1.719,245.111084
1.72,225.203583
1.721,179.167496
1.722,152.416794
1.723,138.730392
1.724,149.306244
1.725,193.476013
1.726,228.936249
1.727,257.553284
1.728,271.861786
1.729,260.663818
1.73,250.710068
1.731,214.627731
1.732,208.406631
1.733,207.784531
1.734,230.802567
1.735,283.681854
1.736,298.612488
1.737,274.35022
1.738,245.7332
1.739,168.591629
1.74,144.951477
1.741,137.48616
1.742,179.167496
1.743,233.913116
1.744,281.19342
1.745,274.972321
1.746,232.6689
1.747,206.540298
1.748,164.236862
1.749,142.463043
1.75,205.918198
1.751,243.244751
1.752,265.640686
1.753,255.686951
1.754,263.774353
1.755,226.4478
1.756,197.208664
1.757,187.254913
1.758,176.056946
1.759,219.604599
1.76,240.756317
1.761,240.134216
1.762,230.802567
1.763,206.540298
1.764,156.771561
1.765,176.679062
1.766,179.167496
1.767,245.111084
1.768,264.396484
1.769,246.355301
1.77,228.314133
1.771,227.069916
1.772,187.877029
1.773,182.278046
1.774,199.074997
1.775,253.198502
1.776,291.147186
1.777,267.507019
1.778,212.761398
1.779,192.231796
1.78,154.905228
1.781,166.725311
1.782,235.157333
1.783,294.879822
1.784,255.064835
1.785,172.946396
1.786,141.840927
1.787,139.974609
1.788,155.527344
1.789,238.267883
1.79,325.36319
1.791,329.717957
1.792,225.825699
1.793,172.324295
1.794,147.439911
1.795,144.951477
1.796,220.848816
1.797,316.653656
1.798,316.653656
1.799,217.738281
1.8,133.75351
1.801,134.375626
1.802,120.689217
1.803,190.987564
1.804,352.113892
1.805,363.93396
1.806,261.908051
1.807,144.951477
1.808,128.154526
1.809,113.846008
1.81,131.265076
1.811,263.774353
1.812,311.054688
1.813,233.913116
1.814,156.771561
1.815,133.131409
1.816,139.352493
1.817,151.172577
1.818,300.478821
1.819,368.288727
1.82,275.594452
1.821,167.969528
1.822,110.735466
1.823,118.822884
1.824,146.81781
1.825,249.465851
1.826,317.897888
1.827,255.686951
1.828,202.185547
1.829,176.056946
1.83,151.172577
1.831,162.992645
1.832,225.203583
1.833,284.926086
1.834,251.954285
1.835,197.83078
1.836,167.347412
1.837,172.946396
1.838,179.167496
1.839,199.697098
1.84,242.62265
1.841,255.686951
1.842,240.756317
1.843,246.977417
1.844,223.337265
1.845,211.517181
1.846,190.987564
1.847,187.877029
1.848,173.568512
1.849,221.470932
1.85,242.000534
1.851,253.198502
1.852,220.848816
1.853,207.784531
1.854,177.301163
1.855,165.481094
1.856,219.604599
1.857,319.14209
1.858,309.810455
1.859,266.884918
1.86,175.434845
1.861,143.70726
1.862,126.910309
1.863,145.573593
1.864,253.820618
1.865,316.031555
1.866,223.337265
1.867,151.794678
1.868,145.573593
1.869,147.439911
1.87,153.661011
1.871,240.756317
1.872,317.275757
1.873,235.779449
1.874,151.794678
1.875,132.509293
1.876,154.283127
1.877,174.812729
1.878,268.751251
1.879,317.897888
1.88,262.530151
1.881,179.167496
1.882,159.882111
1.883,164.858978
1.884,154.283127
1.885,221.470932
1.886,297.990387
1.887,294.879822
1.888,220.848816
1.889,154.905228
1.89,111.357574
1.891,130.64296
1.892,182.278046
1.893,331.58429
1.894,366.422424
1.895,265.640686
1.896,158.015778
1.897,131.265076
1.898,117.578667
1.899,125.043983
1.9,253.198502
1.901,342.782257
1.902,260.663818
1.903,170.457962
1.904,121.933434
1.905,123.799759
1.906,118.822884
1.907,242.62265
1.908,364.556091
1.909,312.92099
1.91,178.54538
1.911,103.892265
1.912,126.910309
1.913,111.979683
1.914,192.231796
1.915,356.468658
1.916,291.769287
1.917,193.476013
1.918,150.550461
1.919,134.997726
1.92,147.439911
1.921,259.419586
1.922,419.923828
1.923,350.86969
1.924,209.650848
1.925,118.822884
1.926,101.403824
1.927,83.984764
1.928,146.81781
1.929,288.658752
1.93,296.746155
1.931,197.83078
1.932,126.910309
1.933,100.159607
1.934,88.339531
1.935,148.684143
1.936,307.944122
1.937,323.496857
1.938,214.627731
1.939,146.81781
1.94,124.421867
1.941,126.2882
1.942,200.319214
1.943,372.643494
1.944,380.108826
1.945,283.059753
1.946,202.807648
1.947,150.550461
1.948,115.712341
1.949,120.067108
1.95,233.291
1.951,271.239685
1.952,214.005615
1.953,149.92836
1.954,123.799759
1.955,93.316406
1.956,93.938515
1.957,187.877029
1.958,289.902954
1.959,289.902954
1.96,222.715149
1.961,171.080078
1.962,138.108276
1.963,161.748428
1.964,192.231796
1.965,286.792419
1.966,294.257721
1.967,293.013519
1.968,244.488983
1.969,206.540298
1.97,154.283127
1.971,158.015778
1.972,213.383514
1.973,302.345154
1.974,335.316956
1.975,229.55835
1.976,113.2239
1.977,79.007889
1.978,87.095306
1.979,103.270149
1.98,204.673981
1.981,271.239685
1.982,196.586563
1.983,144.951477
1.984,131.265076
1.985,139.352493
1.986,168.591629
1.987,286.792419
1.988,397.527863
1.989,315.409454
1.99,214.005615
1.991,153.661011
1.992,123.799759
1.993,128.776642
1.994,199.074997
1.995,288.036621
1.996,259.419586
1.997,169.213745
1.998,120.067108
1.999,110.735466
2,88.961639
2.001,149.92836
2.002,281.815552
2.003,297.990387
2.004,216.494049
2.005,153.661011
2.006,118.200775
2.007,113.846008
2.008,144.951477
2.009,208.406631
2.01,294.257721
2.011,281.19342
2.012,255.686951
2.013,207.784531
2.014,181.65593
2.015,187.254913
2.016,211.517181
2.017,243.244751
2.018,251.954285
2.019,205.918198
2.02,151.172577
2.021,141.218826
2.022,119.444992
2.023,130.020859
2.024,196.586563
2.025,273.728119
2.026,261.285919
2.027,178.54538
2.028,171.080078
2.029,140.59671
2.03,177.301163
2.031,179.167496
2.032,246.977417
2.033,240.756317
2.034,207.784531
2.035,197.83078
2.036,200.941315
2.037,174.190613
2.038,174.190613
2.039,229.55835
2.04,272.483887
2.041,248.843735
2.042,194.098114
2.043,151.172577
2.044,146.195694
2.045,143.70726
2.046,154.905228
2.047,247.599518
2.048,284.926086
2.049,237.023666
2.05,189.121246
2.051,177.301163
2.052,166.725311
2.053,164.236862
2.054,247.599518
2.055,281.815552
2.056,235.779449
2.057,189.121246
2.058,153.661011
2.059,133.131409
2.06,144.329376
2.061,172.324295
2.062,270.617554
2.063,297.368286
2.064,213.383514
2.065,135.619843
2.066,133.75351
2.067,126.2882
2.068,153.038895
2.069,258.797485
2.07,317.897888
2.071,257.553284
2.072,184.766479
2.073,180.411713
2.074,145.573593
2.075,158.637878
2.076,207.784531
2.077,293.013519
2.078,245.7332
2.079,162.992645
2.08,133.75351
2.081,134.375626
2.082,124.421867
2.083,152.416794
2.084,255.064835
2.085,258.175385
2.086,207.784531
2.087,154.283127
2.088,151.172577
2.089,143.70726
2.09,178.54538
2.091,223.959366
2.092,239.5121
2.093,218.982498
2.094,202.807648
2.095,205.918198
2.096,184.766479
2.097,171.080078
2.098,180.411713
2.099,197.208664
2.1,276.838654
2.101,278.704987
2.102,217.738281
2.103,158.637878
2.104,148.684143
2.105,129.398743
2.106,164.858978
2.107,250.710068
2.108,314.165222
2.109,255.064835
2.11,164.236862
2.111,141.840927
2.112,142.463043
2.113,118.822884
2.114,225.203583
2.115,314.787323
2.116,253.820618
2.117,169.213745
2.118,131.265076
2.119,129.398743
2.12,144.951477
2.121,189.121246
2.122,306.077789
2.123,250.087967
2.124,152.416794
2.125,123.17765
2.126,126.2882
2.127,130.020859
2.128,188.49913
2.129,289.902954
2.13,277.460785
2.131,202.807648
2.132,134.997726
2.133,136.241943
2.134,128.776642
2.135,177.301163
2.136,302.345154
2.137,304.833588
2.138,235.157333
2.139,157.393661
2.14,137.48616
2.141,136.241943
2.142,130.020859
2.143,214.005615
2.144,272.483887
2.145,219.604599
2.146,158.015778
2.147,151.794678
2.148,136.241943
2.149,145.573593
2.15,182.278046
2.151,240.756317
2.152,256.931152
2.153,225.203583
2.154,171.080078
2.155,163.614761
2.156,151.172577
2.157,152.416794
2.158,275.594452
2.159,367.044525
2.16,330.962189
2.161,243.244751
2.162,159.259995
2.163,108.247025
2.164,110.113358
2.165,125.043983
2.166,169.835846
2.167,190.987564
2.168,116.33445
2.169,83.362656
2.17,100.159607
2.171,115.712341
2.172,149.306244
2.173,255.686951
2.174,246.977417
2.175,203.429764
2.176,161.748428
2.177,160.504211
2.178,151.172577
2.179,200.319214
2.18,254.442719
2.181,231.424683
2.182,210.895065
2.183,214.627731
2.184,210.272964
2.185,221.470932
2.186,226.4478
2.187,234.535233
2.188,223.337265
2.189,202.185547
2.19,200.319214
2.191,189.121246
2.192,195.342331
2.193,215.871948
2.194,234.535233
2.195,255.686951
2.196,269.995453
2.197,245.7332
2.198,205.296082
2.199,187.877029
2.2,207.784531
2.201,279.327087
2.202,383.841461
2.203,367.666626
2.204,263.774353
2.205,151.172577
2.206,117.578667
2.207,92.69429
2.208,96.426949
2.209,149.92836
2.21,197.208664
2.211,154.905228
2.212,120.689217
2.213,88.961639
2.214,68.43203
2.215,64.699371
2.216,156.149445
2.217,228.936249
2.218,230.802567
2.219,199.074997
2.22,208.406631
2.221,190.987564
2.222,185.38858
2.223,197.83078
2.224,208.406631
2.225,200.319214
2.226,226.4478
2.227,258.175385
2.228,273.106018
2.229,249.465851
2.23,234.535233
2.231,209.028748
2.232,177.301163
2.233,205.296082
2.234,269.995453
2.235,255.686951
2.236,195.964447
2.237,133.75351
2.238,102.025932
2.239,101.403824
2.24,130.020859
2.241,210.895065
2.242,243.866867
2.243,194.72023
2.244,147.439911
2.245,130.020859
2.246,123.799759
2.247,110.113358
2.248,208.406631
2.249,273.106018
2.25,219.604599
2.251,144.951477
2.252,130.64296
2.253,110.113358
2.254,138.730392
2.255,244.488983
2.256,334.694824
2.257,252.576401
2.258,164.858978
2.259,110.113358
2.26,115.712341
2.261,114.468124
2.262,207.784531
2.263,293.63562
2.264,253.198502
2.265,162.370544
2.266,123.799759
2.267,116.33445
2.268,104.514374
2.269,152.416794
2.27,268.751251
2.271,258.175385
2.272,213.383514
2.273,160.504211
2.274,148.684143
2.275,123.17765
2.276,145.573593
2.277,195.964447
2.278,268.751251
2.279,254.442719
2.28,222.093033
2.281,188.49913
2.282,158.637878
2.283,137.48616
2.284,148.062027
2.285,228.314133
2.286,312.298889
2.287,264.396484
2.288,190.365463
2.289,134.375626
2.29,115.090233
2.291,100.781715
2.292,141.840927
2.293,203.429764
2.294,200.941315
2.295,113.846008
2.296,110.113358
2.297,94.560623
2.298,126.2882
2.299,151.794678
2.3,238.267883
2.301,209.650848
2.302,170.457962
2.303,151.172577
2.304,181.65593
2.305,162.370544
2.306,216.494049
2.307,247.599518
2.308,218.982498
2.309,192.231796
2.31,188.49913
2.311,176.679062
2.312,154.905228
2.313,163.614761
2.314,174.190613
2.315,208.406631
2.316,223.337265
2.317,208.406631
2.318,171.080078
2.319,128.154526
2.32,114.468124
2.321,124.421867
2.322,166.725311
2.323,244.488983
2.324,240.756317
2.325,209.650848
2.326,166.103195
2.327,150.550461
2.328,122.555542
2.329,146.195694
2.33,222.093033
2.331,261.285919
2.332,229.55835
2.333,182.278046
2.334,145.573593
2.335,103.892265
2.336,110.735466
2.337,192.231796
2.338,233.291
2.339,226.4478
2.34,161.748428
2.341,118.822884
2.342,106.380699
2.343,133.131409
2.344,148.684143
2.345,217.116165
2.346,253.198502
2.347,200.941315
2.348,175.434845
2.349,174.190613
2.35,144.951477
2.351,134.375626
2.352,178.54538
2.353,209.650848
2.354,245.111084
2.355,207.784531
2.356,166.103195
2.357,137.48616
2.358,123.799759
2.359,134.375626
2.36,196.586563
2.361,295.501953
2.362,260.663818
2.363,200.941315
2.364,141.218826
2.365,111.979683
2.366,113.846008
2.367,123.799759
2.368,200.941315
2.369,205.918198
2.37,143.70726
2.371,127.532417
2.372,134.997726
2.373,107.624916
2.374,121.933434
2.375,223.337265
2.376,245.7332
2.377,207.162415
2.378,138.108276
2.379,125.666092
2.38,100.159607
2.381,121.311325
2.382,228.936249
2.383,296.746155
2.384,241.378433
2.385,180.411713
2.386,136.864059
2.387,130.020859
2.388,111.979683
2.389,204.051865
2.39,276.216553
2.391,234.535233
2.392,148.062027
2.393,96.426949
2.394,87.095306
2.395,85.228981
2.396,168.591629
2.397,321.630524
2.398,294.257721
2.399,174.812729
2.4,91.450073
2.401,69.054138
2.402,95.80484
2.403,154.283127
2.404,273.106018
2.405,233.291
2.406,147.439911
2.407,105.136482
2.408,120.689217
2.409,131.265076
2.41,168.591629
2.411,248.221634
2.412,240.756317
2.413,179.167496
2.414,129.398743
2.415,126.910309
2.416,123.799759
2.417,171.702179
2.418,231.424683
2.419,209.650848
2.42,156.771561
2.421,116.956558
2.422,111.357574
2.423,117.578667
2.424,181.033829
2.425,238.267883
2.426,194.72023
2.427,118.200775
2.428,97.049057
2.429,83.362656
2.43,127.532417
2.431,188.49913
2.432,202.807648
2.433,142.463043
2.434,102.025932
2.435,107.002808
2.436,135.619843
2.437,164.858978
2.438,181.65593
2.439,153.661011
2.44,124.421867
2.441,116.33445
2.442,142.463043
2.443,141.218826
2.444,137.48616
2.445,134.997726
2.446,133.75351
2.447,129.398743
2.448,135.619843
2.449,134.997726
2.45,116.33445
2.451,142.463043
2.452,138.730392
2.453,111.979683
2.454,114.468124
2.455,121.311325
2.456,125.043983
2.457,124.421867
2.458,122.555542
2.459,97.049057
2.46,113.846008
2.461,120.689217
2.462,131.887177
2.463,103.892265
2.464,97.671165
2.465,105.758591
2.466,103.892265
2.467,103.270149
2.468,99.537498
2.469,107.624916
2.47,95.80484
2.471,108.247025
2.472,97.049057
2.473,103.270149
2.474,101.403824
2.475,98.91539
2.476,101.403824
2.477,95.182732
2.478,97.671165
2.479,100.781715
2.48,87.095306
2.481,93.316406
2.482,99.537498
2.483,99.537498
2.484,96.426949
2.485,88.339531
2.486,92.072182
2.487,88.339531
2.488,90.205856
2.489,99.537498
2.49,98.293282
2.491,85.228981
2.492,80.252106
2.493,85.228981
2.494,94.560623
2.495,80.874214
2.496,82.740547
2.497,91.450073
2.498,83.984764
2.499,91.450073
2.5,103.270149
2.501,83.984764
2.502,79.007889
2.503,95.182732
2.504,90.205856
2.505,77.141563
2.506,77.141563
2.507,90.205856
2.508,72.786797
2.509,80.252106
2.51,90.205856
2.511,79.629997
2.512,83.362656
2.513,83.984764
2.514,81.496323
2.515,78.38578
2.516,90.827965
2.517,79.007889
2.518,77.763672
2.519,89.583748
2.52,71.542572
2.521,82.740547
2.522,86.473198
2.523,83.362656
2.524,82.740547
2.525,80.874214
2.526,87.095306
2.527,77.141563
2.528,83.984764
2.529,79.629997
2.53,74.031013
2.531,77.141563
2.532,71.542572
2.533,83.984764
2.534,77.763672
2.535,68.43203
2.536,79.007889
2.537,81.496323
2.538,86.473198
2.539,81.496323
2.54,82.740547
2.541,74.653122
2.542,73.408905
2.543,82.740547
2.544,70.920464
2.545,74.653122
2.546,80.874214
2.547,75.27523
2.548,76.519447
2.549,63.455154
2.55,74.031013
2.551,79.007889
2.552,77.141563
2.553,77.763672
2.554,72.164688
2.555,69.054138
2.556,79.007889
2.557,68.43203
2.558,58.478279
2.559,70.298355
2.56,79.629997
2.561,75.27523
2.562,74.031013
2.563,85.228981
2.564,77.763672
2.565,71.542572
2.566,77.763672
2.567,85.228981
2.568,85.228981
2.569,69.054138
2.57,67.809921
2.571,75.27523
2.572,78.38578
2.573,60.344608
2.574,64.077263
2.575,65.32148
2.576,74.031013
2.577,65.32148
2.578,75.27523
2.579,71.542572
2.58,75.897339
2.581,70.298355
2.582,69.676247
2.583,69.676247
2.584,80.874214
2.585,64.077263
2.586,76.519447
2.587,66.565704
2.588,65.32148
2.589,58.478279
2.59,74.031013
2.591,78.38578
2.592,70.298355
2.593,73.408905
2.594,65.943588
2.595,73.408905
2.596,69.676247
2.597,65.32148
2.598,72.164688
2.599,72.786797
2.6,71.542572
2.601,68.43203
2.602,66.565704
2.603,57.856171
2.604,67.809921
2.605,69.054138
2.606,64.077263
2.607,75.897339
2.608,61.588825
2.609,68.43203
2.61,62.210934
2.611,62.833046
2.612,67.809921
2.613,61.588825
2.614,59.100388
2.615,59.722496
2.616,59.722496
2.617,57.234062
2.618,64.077263
2.619,56.61195
2.62,65.943588
2.621,65.943588
2.622,67.187813
2.623,60.966717
2.624,62.833046
2.625,69.676247
2.626,61.588825
2.627,60.344608
2.628,56.61195
2.629,60.344608
2.63,64.077263
2.631,71.542572
2.632,61.588825
2.633,62.833046
2.634,65.943588
2.635,66.565704
2.636,63.455154
2.637,65.943588
2.638,59.100388
2.639,57.856171
2.64,66.565704
2.641,59.722496
2.642,69.676247
2.643,64.699371
2.644,60.966717
2.645,63.455154
2.646,64.699371
2.647,54.123512
2.648,45.413982
2.649,60.344608
2.65,62.210934
2.651,61.588825
2.652,59.722496
2.653,57.234062
2.654,55.367733
2.655,65.32148
2.656,56.61195
2.657,54.123512
2.658,55.989841
2.659,54.123512
2.66,54.123512
2.661,56.61195
2.662,55.367733
2.663,65.32148
2.664,67.809921
2.665,71.542572
2.666,65.32148
2.667,51.012966
2.668,59.100388
2.669,59.722496
2.67,56.61195
2.671,48.524529
2.672,62.833046
2.673,64.077263
2.674,41.059216
2.675,60.966717
2.676,59.722496
2.677,45.413982
2.678,46.036091
2.679,51.635075
2.68,51.012966
2.681,57.234062
2.682,57.856171
2.683,52.879295
2.684,47.90242
2.685,48.524529
2.686,61.588825
2.687,59.100388
2.688,52.257187
2.689,62.833046
2.69,60.966717
2.691,53.501404
2.692,42.925545
2.693,55.989841
2.694,54.745625
2.695,56.61195
2.696,51.012966
2.697,54.123512
2.698,59.100388
2.699,52.879295
2.7,53.501404
2.701,47.280312
2.702,55.367733
2.703,55.367733
2.704,54.123512
2.705,52.879295
2.706,55.367733
2.707,54.123512
2.708,55.367733
2.709,52.257187
2.71,49.146641
2.711,55.367733
2.712,55.989841
2.713,55.989841
2.714,56.61195
2.715,46.658203
2.716,50.390858
2.717,47.280312
2.718,43.547653
2.719,47.90242
2.72,53.501404
2.721,55.989841
2.722,57.856171
2.723,55.367733
2.724,60.344608
2.725,49.768749
2.726,53.501404
2.727,47.280312
2.728,50.390858
2.729,46.036091
2.73,47.90242
2.731,49.146641
2.732,44.791874
2.733,42.303436
2.734,51.012966
2.735,41.681328
2.736,53.501404
2.737,47.90242
2.738,50.390858
2.739,44.169765
2.74,43.547653
2.741,44.791874
2.742,48.524529
2.743,44.169765
2.744,49.768749
2.745,45.413982
2.746,37.326561
2.747,51.012966
2.748,50.390858
2.749,49.768749
2.75,48.524529
2.751,45.413982
2.752,49.146641
2.753,42.303436
2.754,39.814999
2.755,44.791874
2.756,46.036091
2.757,42.925545
2.758,39.814999
2.759,40.437107
2.76,46.658203
2.761,39.19289
2.762,43.547653
2.763,46.036091
2.764,29.861248
2.765,44.169765
2.766,56.61195
2.767,45.413982
2.768,47.280312
2.769,55.367733
2.77,34.216015
2.771,33.593906
2.772,39.19289
2.773,42.303436
2.774,34.838123
2.775,51.635075
2.776,45.413982
2.777,45.413982
2.778,44.791874
2.779,36.704453
2.78,42.303436
2.781,36.704453
2.782,47.280312
2.783,34.838123
2.784,49.768749
2.785,46.658203
2.786,46.036091
2.787,42.925545
2.788,44.169765
2.789,50.390858
2.79,37.326561
2.791,56.61195
2.792,38.570782
2.793,31.727577
2.794,51.635075
2.795,42.303436
2.796,35.460232
2.797,38.570782
2.798,39.19289
2.799,35.460232
2.8,36.704453
2.801,42.303436
2.802,41.059216
2.803,49.768749
2.804,45.413982
2.805,40.437107
2.806,54.123512
2.807,42.303436
2.808,36.082344
2.809,39.19289
2.81,42.303436
2.811,32.349686
2.812,33.593906
2.813,38.570782
2.814,49.146641
2.815,36.704453
2.816,34.216015
2.817,39.19289
2.818,36.082344
2.819,37.326561
2.82,31.727577
2.821,38.570782
2.822,44.791874
2.823,33.593906
2.824,49.768749
2.825,39.19289
2.826,34.216015
2.827,41.681328
2.828,29.23914
2.829,41.681328
2.83,42.303436
2.831,34.216015
2.832,39.19289
2.833,40.437107
2.834,34.216015
2.835,43.547653
2.836,40.437107
2.837,44.169765
2.838,36.082344
2.839,41.681328
2.84,46.036091
2.841,37.326561
2.842,37.948669
2.843,38.570782
2.844,42.925545
2.845,32.971794
2.846,33.593906
2.847,30.483358
2.848,33.593906
2.849,43.547653
2.85,35.460232
2.851,37.948669
2.852,33.593906
2.853,22.395937
2.854,43.547653
2.855,35.460232
2.856,38.570782
2.857,38.570782
2.858,40.437107
2.859,36.082344
2.86,34.216015
2.861,31.727577
2.862,27.372812
2.863,29.23914
2.864,31.105467
2.865,29.861248
2.866,45.413982
2.867,34.838123
2.868,35.460232
2.869,43.547653
2.87,31.105467
2.871,34.216015
2.872,31.727577
2.873,35.460232
2.874,31.727577
2.875,29.23914
2.876,37.326561
2.877,32.349686
2.878,30.483358
2.879,30.483358
2.88,28.617031
2.881,44.791874
2.882,30.483358
2.883,27.372812
2.884,26.750702
2.885,27.372812
2.886,42.303436
2.887,43.547653
2.888,33.593906
2.889,27.372812
2.89,39.814999
2.891,27.372812
2.892,38.570782
2.893,29.861248
2.894,34.838123
2.895,34.216015
2.896,33.593906
2.897,27.372812
2.898,29.861248
2.899,26.750702
2.9,28.617031
2.901,27.372812
2.902,29.23914
2.903,44.169765
2.904,23.640156
2.905,34.216015
2.906,24.262264
2.907,34.216015
2.908,37.948669
2.909,29.861248
2.91,32.971794
2.911,26.750702
2.912,29.23914
2.913,26.750702
2.914,29.23914
2.915,24.262264
2.916,31.727577
2.917,38.570782
2.918,34.216015
2.919,35.460232
2.92,27.994921
2.921,25.506483
2.922,34.216015
2.923,26.128593
2.924,36.704453
2.925,24.884375
2.926,26.750702
2.927,27.372812
2.928,31.105467
2.929,23.640156
2.93,28.617031
2.931,30.483358
2.932,32.349686
2.933,31.727577
2.934,27.372812
2.935,31.727577
2.936,24.884375
2.937,37.326561
2.938,41.681328
2.939,17.419062
2.94,31.105467
2.941,40.437107
2.942,21.773827
2.943,18.66328
2.944,29.861248
2.945,36.082344
2.946,32.349686
2.947,19.285391
2.948,26.750702
2.949,29.861248
2.95,20.529608
2.951,28.617031
2.952,24.884375
2.953,26.128593
2.954,21.151718
2.955,37.948669
2.956,27.372812
2.957,22.395937
2.958,27.994921
2.959,26.750702
2.96,33.593906
2.961,37.326561
2.962,30.483358
2.963,36.082344
2.964,24.262264
2.965,27.372812
2.966,19.285391
2.967,19.907499
2.968,26.750702
2.969,24.884375
2.97,27.372812
2.971,23.640156
2.972,24.262264
2.973,33.593906
2.974,16.174843
2.975,18.041172
2.976,27.372812
2.977,32.971794
2.978,25.506483
2.979,19.907499
2.98,28.617031
2.981,37.948669
2.982,18.041172
2.983,29.861248
2.984,27.994921
2.985,20.529608
2.986,30.483358
2.987,29.23914
2.988,30.483358
2.989,24.884375
2.99,23.640156
2.991,26.750702
2.992,26.750702
2.993,27.994921
2.994,36.082344
2.995,31.727577
2.996,11.820078
2.997,20.529608
2.998,30.483358
2.999,23.640156
3,24.884375
3.001,34.838123
3.002,24.884375
3.003,17.419062
3.004,19.285391
3.005,23.018045
3.006,16.174843
3.007,23.640156
3.008,24.262264
3.009,22.395937
3.01,27.372812
3.011,23.640156
3.012,22.395937
3.013,24.884375
3.014,22.395937
3.015,35.460232
3.016,21.773827
3.017,18.041172
3.018,17.419062
3.019,13.064297
3.02,18.041172
3.021,25.506483
3.022,29.23914
3.023,26.750702
3.024,26.750702
3.025,24.262264
3.026,23.018045
3.027,19.285391
3.028,14.930624
3.029,24.262264
3.03,21.773827
3.031,32.349686
3.032,24.262264
3.033,29.861248
3.034,27.994921
3.035,26.128593
3.036,20.529608
3.037,24.884375
3.038,16.174843
3.039,20.529608
3.04,31.727577
3.041,14.308516
3.042,23.640156
3.043,21.151718
3.044,23.640156
3.045,18.041172
3.046,18.66328
3.047,11.820078
3.048,16.174843
3.049,24.262264
3.05,14.308516
3.051,20.529608
3.052,14.308516
3.053,24.884375
3.054,27.372812
3.055,23.018045
3.056,28.617031
3.057,24.262264
3.058,14.308516
3.059,23.018045
3.06,19.907499
3.061,13.686406
3.062,26.750702
3.063,29.23914
3.064,16.174843
3.065,19.285391
3.066,16.174843
3.067,23.640156
3.068,22.395937
3.069,11.820078
3.07,27.994921
3.071,21.773827
3.072,25.506483
3.073,18.66328
3.074,30.483358
3.075,27.994921
3.076,21.773827
3.077,21.773827
3.078,21.773827
3.079,22.395937
3.08,13.686406
3.081,28.617031
3.082,19.285391
3.083,21.773827
3.084,15.552733
3.085,20.529608
3.086,14.308516
3.087,12.442187
3.088,8.709531
3.089,15.552733
3.09,26.750702
3.091,16.796953
3.092,27.372812
3.093,15.552733
3.094,25.506483
3.095,16.174843
3.096,14.308516
3.097,14.308516
3.098,26.750702
3.099,22.395937
3.1,20.529608
3.101,23.018045
3.102,21.773827
3.103,16.174843
3.104,16.796953
3.105,26.128593
3.106,17.419062
3.107,8.709531
3.108,21.773827
3.109,19.907499
3.11,21.773827
3.111,19.285391
3.112,24.884375
3.113,13.686406
3.114,21.151718
3.115,24.262264
3.116,17.419062
3.117,12.442187
3.118,18.66328
3.119,18.66328
3.12,21.151718
3.121,11.197968
3.122,21.773827
3.123,14.930624
3.124,27.372812
3.125,25.506483
3.126,21.151718
3.127,24.884375
3.128,18.66328
3.129,8.087421
3.13,32.349686
3.131,14.930624
3.132,21.151718
3.133,14.308516
3.134,18.041172
3.135,22.395937
3.136,8.709531
3.137,10.575859
3.138,31.105467
3.139,13.064297
3.14,23.640156
3.141,18.041172
3.142,18.041172
3.143,31.105467
3.144,1.866328
3.145,22.395937
3.146,9.33164
3.147,14.930624
